연도,시도코드,시도명,시군구코드,시군구명,학교명,학교구분명,수업연한,학위과정명,주야과정명,학과상태명,학과명,학과코드명(7대계열),표준분류계열코드,대학자체계열명,단과대학명,학교학과특성명,주요교과목명,입학정원수,졸업자수,관련직업명,수정일자,데이터기준일자,제공기관코드,제공기관명
2023,11,서울특별시,110,종로구,상명대학교,대학교,4년,학사,주간,기존,SW융합학부,U04110300121,D99999,공학,융합공과대학,일반과정,SW융합개론+SW영어1,0,0,3D그래픽전문가+CG전문가+UI 디자이너+UX 디자이너+VFX전문가+가상현실전문가+게임PD+게임QA전문가+게임그래픽디자이너+게임기자+게임기획자+게임시나리오작가+게임애니메이터+게임일러스트레이터+게임컨셉아트디렉터+게임프로그래머+관광통역안내원+광고 및 홍보전문가+광고기획자+광고디자이너+광고제작감독(CF감독)+그래픽디자이너+다문화사회지도사+데이터베이스개발자+드론콘텐츠제작자+디지털영상처리전문가+라이팅 & 맵핑아티스트+로봇공학기술자+만화가 및 애니메이터+멀티미디어콘텐츠제작전문가+모델러+모바일콘텐츠개발자+모션그래픽아티스트+문화콘텐츠작가+문화콘텐츠전문가+미디어콘텐츠창작자+미술가+미술강사+미술치료사+방송연출가+방송작가+번역가+스마트폰앱개발자+스토리보드아티스트+스토리작가+시나리오 작가+신문기자+아트디렉터(소품·세트)+아티스트+애니메이션 레이아웃아티스트+애니메이션 미술감독(아트디렉터)+애니메이션 배경디자이너+애니메이션 캐릭터디자이너+애니메이션감독+애니메이션기획자+애니메이션시나리오작가+애니메이션원화가+애,2023-02-22,2023-12-27,B340014,한국대학교육협의회
2023,11,서울특별시,110,종로구,상명대학교,대학교,4년,학사,주간,기존,SW융합학부 게임전공,U04080200219,D15089,자연과학,융합공과대학,일반과정,게임시스템구조의이해+게임시스템디자인+게임스토리텔링+고급게임소프트웨어개발+지능형혼합현실+산업현장인턴십+게임프로그래밍입문+게임학개론+C프로그래밍+게임수학+JAVA프로그래밍+게임컨셉디자인+콘텐츠서비스디자인+확률과통계+게임자료구조+일본게임분석과디지털스토리텔링+게임과저작권 +게임소프트웨어개발1+콘텐츠서비스개발1+알고리즘+게임서버프로그래밍입문+콘텐츠서비스개발2+게임소프트웨어개발2+콘텐츠기획및프리젠테이션+콘텐츠비즈니스+게임심리학+게임인공지능+캡스톤디자인1+게임특강+캡스톤디자인2,35,23,게임PD+게임QA전문가+게임기자+게임기획자+게임시나리오작가+게임프로그래머+응용소프트웨어개발자+컴퓨터프로그래머,2023-02-22,2023-12-27,B340014,한국대학교육협의회
2023,11,서울특별시,110,종로구,상명대학교,대학교,4년,학사,주간,기존,SW융합학부 애니메이션전공,U07020200100,C12137,예체능,융합공과대학,일반과정,캐릭터디자인+애니메이션기초+모델링기초+라이팅과렌더링+3D캐릭터모델과리깅+영상편집디자인+실감애니메이션+디지털그래픽기초+애니메이션테크닉+CGI포트폴리오+애니메이션워크샵+영상MatchmovingCGI+애니메이션스토리텔링+컨텐트기획과네러티브연출+게임엔진을활용한애니메이션제작1+디지털캐릭터스튜디오2+실험스튜디오1+애니메이션AssetCGI+애니메이션기획과넌리니어스토리텔링+게임엔진을활용한애니메이션제작2+인터랙티브컨텐트분석과기획+Game/VR애니메이션+인터렉티브CGI_기초+애니메이션사+실험스튜디오2+3Deffect+인터렉티브CGI_캡스톤+인턴쉽+디지털캐릭터스튜디오1+스토리워크샵+CGI프로덕션,23,0,3D그래픽전문가+CG전문가+UI 디자이너+UX 디자이너+VFX전문가+가상현실전문가+게임그래픽디자이너+게임기획자+게임애니메이터+게임일러스트레이터+게임컨셉아트디렉터+광고디자이너+광고제작감독(CF감독)+그래픽디자이너+드론콘텐츠제작자+디지털영상처리전문가+라이팅 & 맵핑아티스트+만화가 및 애니메이터+멀티미디어콘텐츠제작전문가+모델러+모션그래픽아티스트+문화콘텐츠작가+미디어콘텐츠창작자+미술가+미술강사+미술치료사+스토리보드아티스트+스토리작가+아트디렉터(소품·세트)+아티스트+애니메이션 레이아웃아티스트+애니메이션 미술감독(아트디렉터)+애니메이션 배경디자이너+애니메이션 캐릭터디자이너+애니메이션감독+애니메이션기획자+애니메이션시나리오작가+애니메이션원화가+애니메이션프로듀서+애니메이터+영상그래픽디자이너+영상녹화 및 편집기사+영상콘텐츠제작전문가+예능계강사+웹 및 멀티미디어 디자이너+웹디자이너+웹마스터+웹방송전문가+일러스트레이터+캐릭터디자이너+컨셉디자이너+콘셉아티스트+콘텐츠 기획자+팬시 및 완구디자이너+팬시상품디자,2023-02-22,2023-12-27,B340014,한국대학교육협의회
2023,11,서울특별시,110,종로구,상명대학교,대학교,4년,학사,주간,기존,SW융합학부 전기공학전공,U04050100085,D15084,공학,융합공과대학,일반과정,에너지분석+전기설비기술기준+응용프로그래밍실습+임베디드프로그래밍+전기회로실험+신재생에너지공학+신재생에너지실험+전기기기실험+최적화이론+에너지시스템설계+전력변환디바이스+창의적종합설계(캡스톤디자인)+전력경제+전기회로1+미적분학+공업수학+전기회로2+전력공학1+신호해석이론+전자기학+전력공학2+논리회로+전기기기+전력전자+자동제어+발전공학+에너지시스템과AI+수치해석+계측및제어+스마트그리드특론,36,38,대체에너지개발기술자+대체에너지개발연구원+발전설비기술자+변리사+송배전설비기술자+시스템엔지니어+전기계측제어기술자+전기공학기술자+전기안전기술자,2023-02-22,2023-12-27,B340014,한국대학교육협의회
2023,11,서울특별시,110,종로구,상명대학교,대학교,4년,학사,주간,기존,SW융합학부 지능IOT융합전공,U04050200199,D15085,공학,융합공과대학,일반과정,헬스케어와IOT+캡스톤디자인2+프로그래밍+미적분학+이산수학+확률론+논리회로설계+IOT센서기초+신호및시스템+컴퓨터구조+선형대수학+자료구조+객체지향프로그래밍+지능IOT개론+디지털신호처리+데이터통신+마이크로프로세서+유닉스시스템+인공지능과빅데이터+통신공학+멀티미디어신호처리+지능형영상처리+IOT보안+지능형오디오처리+패턴인식+멀티미디어데이터분석+실시간커널+컴퓨터네트워크+캡스톤디자인1+임베디드시스템+컴퓨터비전,32,0,네트워크엔지니어+디지털영상처리전문가+시스템소프트웨어개발자+음향신호처리기술연구원+컴퓨터프로그래머+통신공학기술자,2023-02-22,2023-12-27,B340014,한국대학교육협의회
2023,11,서울특별시,110,종로구,상명대학교,대학교,4년,학사,주간,기존,SW융합학부 컴퓨터과학전공,U04080100333,D15090,자연과학,융합공과대학,일반과정,ICT공학설계I+ICT공학설계II+공학설계입문+통계적분석+인공지능+GPU프로그래밍+데이터모델링과마이닝+지능형사용자인터페이스+네트워크보안+클라우드플랫폼+파이썬프로그래밍+컴퓨터수학+선형대수학1+C프로그래밍1+이산수학+논리회로+선형대수학2+자료구조+C프로그래밍2+컴퓨터구조+시스템소프트웨어+알고리즘+정보보호+객체지향프로그래밍+데이터베이스+디지털신호처리+컴퓨터네트워크+소프트웨어공학+운영체제+데이터통신+분산시스템+프로그래밍언어론+유닉스프로그래밍+고급객체지향프로그래밍+캡스톤디자인1+빅데이터와딥러닝+클라우드프로그래밍+캡스톤디자인2,90,111,응용소프트웨어개발자+컴퓨터프로그래머,2023-02-22,2023-12-27,B340014,한국대학교육협의회
2023,11,서울특별시,110,종로구,상명대학교,대학교,4년,학사,주간,기존,SW융합학부 한일문화콘텐츠전공,U01020200139,A02999,인문사회,융합공과대학,일반과정,문화콘텐츠입문+문화여행과SW콘텐츠기획+여가콘텐츠와일본현대문화+이문화커뮤니케이션+R을활용한빅데이터기반문화콘텐츠분석+한일문화와웹페이지및기타콘텐츠제작(캡스톤디자인)+동영상플랫폼과콘텐츠문화+문화융합과커뮤니케이션+문화트렌드일본어+문화콘텐츠와인공지능+미디어믹스+비즈니스일본어실습+문화콘텐츠마케팅+일본문화의이해+베이직일본어1+콘텐츠기획과문화융합+베이직일본어2+언어와컴퓨터+한일대중문화콘텐츠의이해+한일언어와행동문화+커뮤니케이션일본어1+커뮤니케이션일본어2+추리텍스트의미디어콘텐츠활용+일본게임분석과디지털스토리텔링+일본애니메이션분석과스토리텔링+ICT활용일본어실습+한일영상문화비교+매스미디어일본어+동아시아공연예술+한일콘텐츠산업과브랜드분석+영상콘텐츠제작과한일문화교류(캡스톤디자인)+미디어스토리텔링,27,0,관광통역안내원+광고 및 홍보전문가+광고기획자+다문화사회지도사+문화콘텐츠전문가+방송연출가+방송작가+번역가+시나리오 작가+신문기자+여행상품개발자+영상콘텐츠제작전문가+행사기획자,2023-02-22,2023-12-27,B340014,한국대학교육협의회
2023,11,서울특별시,110,종로구,상명대학교,대학교,4년,학사,주간,기존,SW융합학부(예체능),U07020300300,C99999,예체능,융합공과대학,일반과정,,0,0,3D그래픽전문가+CG전문가+UI 디자이너+UX 디자이너+VFX전문가+가상현실전문가+게임PD+게임QA전문가+게임그래픽디자이너+게임기자+게임기획자+게임시나리오작가+게임애니메이터+게임일러스트레이터+게임컨셉아트디렉터+게임프로그래머+관광통역안내원+광고 및 홍보전문가+광고기획자+광고디자이너+광고제작감독(CF감독)+그래픽디자이너+다문화사회지도사+데이터베이스개발자+드론콘텐츠제작자+디지털영상처리전문가+라이팅 & 맵핑아티스트+로봇공학기술자+만화가 및 애니메이터+멀티미디어콘텐츠제작전문가+모델러+모바일콘텐츠개발자+모션그래픽아티스트+문화콘텐츠작가+문화콘텐츠전문가+미디어콘텐츠창작자+미술가+미술강사+미술치료사+방송연출가+방송작가+번역가+스마트폰앱개발자+스토리보드아티스트+스토리작가+시나리오 작가+신문기자+아트디렉터(소품·세트)+아티스트+애니메이션 레이아웃아티스트+애니메이션 미술감독(아트디렉터)+애니메이션 배경디자이너+애니메이션 캐릭터디자이너+애니메이션감독+애니메이션기획자+애니메이션시나리오작가+애니메이션원화가+애,2023-02-22,2023-12-27,B340014,한국대학교육협의회
2023,11,서울특별시,110,종로구,상명대학교,대학교,4년,학사,주간,기존,SW융합학부(인문사회),U01020800274,A99999,인문사회,융합공과대학,일반과정,,0,0,3D그래픽전문가+CG전문가+UI 디자이너+UX 디자이너+VFX전문가+가상현실전문가+게임PD+게임QA전문가+게임그래픽디자이너+게임기자+게임기획자+게임시나리오작가+게임애니메이터+게임일러스트레이터+게임컨셉아트디렉터+게임프로그래머+관광통역안내원+광고 및 홍보전문가+광고기획자+광고디자이너+광고제작감독(CF감독)+그래픽디자이너+다문화사회지도사+데이터베이스개발자+드론콘텐츠제작자+디지털영상처리전문가+라이팅 & 맵핑아티스트+로봇공학기술자+만화가 및 애니메이터+멀티미디어콘텐츠제작전문가+모델러+모바일콘텐츠개발자+모션그래픽아티스트+문화콘텐츠작가+문화콘텐츠전문가+미디어콘텐츠창작자+미술가+미술강사+미술치료사+방송연출가+방송작가+번역가+스마트폰앱개발자+스토리보드아티스트+스토리작가+시나리오 작가+신문기자+아트디렉터(소품·세트)+아티스트+애니메이션 레이아웃아티스트+애니메이션 미술감독(아트디렉터)+애니메이션 배경디자이너+애니메이션 캐릭터디자이너+애니메이션감독+애니메이션기획자+애니메이션시나리오작가+애니메이션원화가+애,2023-02-22,2023-12-27,B340014,한국대학교육협의회
2023,11,서울특별시,110,종로구,상명대학교,대학교,4년,학사,주간,기존,SW융합학부(자연과학),U05040600094,B99999,자연과학,융합공과대학,일반과정,,0,0,3D그래픽전문가+CG전문가+UI 디자이너+UX 디자이너+VFX전문가+가상현실전문가+게임PD+게임QA전문가+게임그래픽디자이너+게임기자+게임기획자+게임시나리오작가+게임애니메이터+게임일러스트레이터+게임컨셉아트디렉터+게임프로그래머+관광통역안내원+광고 및 홍보전문가+광고기획자+광고디자이너+광고제작감독(CF감독)+그래픽디자이너+다문화사회지도사+데이터베이스개발자+드론콘텐츠제작자+디지털영상처리전문가+라이팅 & 맵핑아티스트+로봇공학기술자+만화가 및 애니메이터+멀티미디어콘텐츠제작전문가+모델러+모바일콘텐츠개발자+모션그래픽아티스트+문화콘텐츠작가+문화콘텐츠전문가+미디어콘텐츠창작자+미술가+미술강사+미술치료사+방송연출가+방송작가+번역가+스마트폰앱개발자+스토리보드아티스트+스토리작가+시나리오 작가+신문기자+아트디렉터(소품·세트)+아티스트+애니메이션 레이아웃아티스트+애니메이션 미술감독(아트디렉터)+애니메이션 배경디자이너+애니메이션 캐릭터디자이너+애니메이션감독+애니메이션기획자+애니메이션시나리오작가+애니메이션원화가+애,2023-02-22,2023-12-27,B340014,한국대학교육협의회
2023,11,서울특별시,110,종로구,상명대학교,대학교,4년,학사,주간,기존,가족복지학과,U02030100005,A05025,인문사회,인문사회과학대학,일반과정,아동상담+프로그램개발과평가+사회복지법제와실천+사례관리론+상담이론+사회복지조사론+지역사회복지론(캡스톤디자인)+사회복지학개론+가족과문화+영유아발달+사회복지실천론+보육학개론+인간행동과사회환경+보육과정+사회복지실천기술론+노인복지론+아동과학지도+가족관계+심리검사+아동관찰및행동연구+영유아교수방법론+가족생활교육론(ICT융복합)+가족상담및치료+아동복지론+건강가정현장실습+언어지도+가족복지론+보육교사론+사회복지정책론+보육실습+집단상담+사회복지현장실습+사회복지행정론,30,48,가정복지사+가족상담사+공무원+노인상담복지전문가+보육교사+복지시설생활지도원+사회단체활동가+사회복지관련관리자+사회복지사+상담전문가(심리상담사)+아동상담사+직업상담 및 취업알선원+직업상담사+청소년상담사,2023-02-22,2023-12-27,B340014,한국대학교육협의회
2023,11,서울특별시,110,종로구,상명대학교,대학교,4년,학사,주간,기존,경영학부,U02010100038,A03033,인문사회,경영경제대학,일반과정,마케팅트렌드인사이트+비즈니스프로그래밍+데이터와금융+핀테크사례분석+마케팅특강+비즈니스모델과전략+고용관계론+기술경영론+인적자원관리+마케팅커뮤니케이션+리테일마케팅+문화콘텐츠마케팅+경영학원론+기업과금융+경영통계+생산관리+회계원리+마케팅+원가회계+재무관리+ICT융합비즈니스개론+기업가정신+관리회계+소비자행동+세무회계+투자론+경영소프트웨어활용+조직행동론+데이터사이언스+경영정보시스템+품질경영론+마케팅리서치+경영조직론+중급회계1+브랜드관리+경영빅데이터분석+서비스운영론+경영전략+비즈니스인텔리전스+중급회계2+국제기업금융의이해+파생상품의이해+회계감사+금융기관경영론+IT경영과혁신+서비스비즈니스모델개발(캡스톤디자인)+금융산업의이해+기업윤리+AI와경영+산업기술서비스론,89,168,MIS전문가+경리사무원+경영기획사무원+경영정보시스템개발자+경영컨설턴트+고객정보분석원+공무원+관세사+관세행정사무원+교수+금융관련사무원+금융관리자+금융회사 자산운용가+기업고위임원+기업고위임원(CEO)+기업체 연구원 및 기술직+기업체 홍보요원+기자+기획·홍보 및 광고관리자+노무사+데이터분석전문가+리스크매니저+매니저+머천다이저+물류관리사+방송기자+벤처창업가+보험계리사+보험계리인+보험대리인 및 중개인+보험설계사+산업보안관리자+산업보안컨설턴트+상품기획자+상품중개인 및 경매사+상품중개인(경매인포함)+상품중개인(중개인포함)+생산관리사무원+세무사+손해사정사+손해사정인+스포츠마케터+시장 및 여론조사관리자+시장 및 여론조사전문가+영업관리사무원+재무관리자+정보보호전문가+정보시스템운영자+정부기관 및 국영 기업체+정부정책기획전문가+조세행정사무원+중등교사+중등학교교사+증권정보제공원+증권중개인+창업+창업교육전문가+창업지도사+창업컨설팅+컨설턴트+투자분석가(애널리스트)+투자인수심사원(투자언더라이터)+회계사+회계사무,2023-02-22,2023-12-27,B340014,한국대학교육협의회
2023,11,서울특별시,110,종로구,상명대학교,대학교,4년,학사,주간,기존,경제금융학부,U02010200005,A03034,인문사회,경영경제대학,일반과정,소비자유통경제론+경제학특강+이슈경제학+시장경제와윤리+개인재무설계+금융경제와데이터+경제학입문+경제통계의이해(SW활용)+경제학원론+미시경제학+경제학방법론+재무경제학+부동산학원론+소비자주의와시장환경+소비자조사법+금융투자론+화폐금융론+거시경제학+부동산금융경제론+산업조직론+소비자경제학+국제경제학+데이터분석의이해+행동경제학+조세제도와정책+산업 정책의미시계량분석+금융시장과금융기관+경기변동과경제성장+자산운용과투자전략+가계금융론+자본시장과금융투자+소비자트렌드분석+금융소비자론+핀테크산업의이해+환율과국제금융+공공경제학+금융상품의이해+경제금융세미나+응용데이터분석세미나+핀테크산업과서비스디자인+소비자행태심리+소비자정책과이슈+한국경제의이해+경제금융실무(캡스톤디자인)+시장경제세미나,72,77,가계재무 전문가+경영기획사무원+경영컨설턴트+경제학연구원+공무원+금융관련사무원+금융관리자+금융자산운용가+금융회사 자산운용가+보험계리인+부동산 및 임대업관리자+부동산개발업자+부동산관리자+부동산컨설턴트+부동산펀드매니저+선물거래중개인+세무사+소비자전문가+외환딜러+재무관리자+투자분석가(애널리스트)+펀드매니저(금융자산운용가),2023-02-22,2023-12-27,B340014,한국대학교육협의회
2023,11,서울특별시,110,종로구,상명대학교,대학교,4년,학사,주간,기존,계당교양교육원(공학),U04110300110,D99999,공학,계당교양교육원,일반과정,,0,0,컴퓨터공학기술자,2023-02-22,2023-12-27,B340014,한국대학교육협의회
2023,11,서울특별시,110,종로구,상명대학교,대학교,4년,학사,주간,기존,계당교양교육원(예체능),U07020310027,C99999,예체능,계당교양교육원,일반과정,,0,0,각종스포츠지도자,2023-02-22,2023-12-27,B340014,한국대학교육협의회
2023,11,서울특별시,110,종로구,상명대학교,대학교,4년,학사,주간,기존,계당교양교육원(인문사회),U01020800227,A99999,인문사회,계당교양교육원,일반과정,,0,0,공무원+컨설턴트,2023-02-22,2023-12-27,B340014,한국대학교육협의회
2023,11,서울특별시,110,종로구,상명대학교,대학교,4년,학사,주간,기존,계당교양교육원(자연),U05040600088,B99999,자연과학,계당교양교육원,일반과정,,0,0,자연과학연구원,2023-02-22,2023-12-27,B340014,한국대학교육협의회
2023,11,서울특별시,110,종로구,상명대학교,대학교,4년,학사,주간,기존,공간환경학부,U05020600003,A05028,인문사회,인문사회과학대학,일반과정,문화와공간환경 +관광공간의스토리텔링과콘텐츠+도시재생과지역개발+환경과주택의이해+인문환경의이해 +글로컬시대국토의이해 +환경과공간정보의이해+신흥시장론+인구와공간환경 +한국주거공간의역사+공간정보학개론 +공간계획입문+공간환경디자인 +GIS이론과 실습+관광과여가공간의이해 +공간환경복지 +공간정보와자료분석+오픈소스GIS활용+경제공간의이해+미래주거공간환경 +지형과측량 +공간정보의시각화 +세계도시연구+공간디자인법과유지관리 +공간정보소프트웨어활용 +공간디자인CAD소프트웨어 +도시공간의이해 +특수공간환경계획 +원격탐사영상처리+기후와환경+물류와공간 +지역개발종합설계(캡스톤디자인)+주택상품개발및기획(캡스톤디자인)+공간환경심리 +주택/단지디자인 +지역사회의이해(캡스톤디자인)+단지디자인매뉴얼+공간과사회 +공간환경조사론+건강과공간환경+공간정보와인공지능,48,24,건축사+건축설계기술자+공간 디자이너+관광통역안내원+교수+국제회의전문가+도시계획 및 설계가+도시계획가+마을만들기활동가+문화콘텐츠전문가+물류관리사+사진측량및분석가+여행관련관리자+여행기획자+여행사무원+여행상품개발자+여행안내원+인테리어디자이너+인테리어코디네이터+자연환경안내원+중등학교교사+지리정보시스템전문가(GIS전문가)+지리학연구원+지적기사+측량 및 지리정보기술자+측량사,2023-02-22,2023-12-27,B340014,한국대학교육협의회
2023,11,서울특별시,110,종로구,상명대학교,대학교,4년,학사,주간,기존,교육학과,U03010100010,A98042,인문사회,사범대학,일반과정,학교현장실습(학기제)+인간관계와교육+청소년문화+인적자원개발론+교육복지론+청소년프로그램개발과평가(캡스톤디자인)+평생교육경영론+집단상담+디지털학습콘텐츠설계및개발(캡스톤디자인)+이러닝콘텐츠기획및설계(캡스톤디자인)+교육학교과교육과정+교과교실수업연구+HRD프로그램개발의이론과실제(캡스톤디자인)+청소년문제와보호+청소년심리및상담+교수설계이론과실제+미래교육론+교육행정+교육학교과교육론+교육학연구방법+교육과정개발과컨설팅+AI기반학습분석학(캡스톤디자인)+상담심리학+청소년육성제도론+교직과미래교사+교육학개론+인간발달과교육+교육과법+미래교사와의사소통+교육철학과교육사+교육심리+교육과정+교육평가+평생교육론+특수교육학개론+교육통계+교육사회학+교육공학+평생교육방법론+교육학교과교재연구및지도법+교육프로그램평가+학교폭력예방및학생의이해+다문화교육론+평생교육실습+교육학교과평가방법론+교육정책+생활지도및상담+교직실무,30,34,교육 및 훈련사무원+교육학연구원+교육행정사무원+교재 및 교구개발자+이러닝교수설계자+중등교사+직업능력개발훈련교사+청소년상담사+청소년지도사+평생교육사,2023-02-22,2023-12-27,B340014,한국대학교육협의회
2023,11,서울특별시,110,종로구,상명대학교,대학교,4년,학사,주간,기존,국가안보학과,U02030600063,A05149,인문사회,인문사회과학대학,일반과정,한국전쟁사+병영체험1+군리더십이해+리델하트의전략론+전쟁과군법+군인적자원관리+민군협력과방위산업의이해+정전체제와안보+군사학이해+북한체제및군사연구+군사영어+손자와간접접근전략+전략적국방분석(캡스톤디자인)+글로벌안보와국가위기관리+미래국방혁신+국방정책의이해+군상담심리학+특성화교육1+국가안전보장론+무기체계이해+한국사+군대윤리+한반도평화와통일+그림으로이해하는세계전쟁사+영화로이해하는국제분쟁+사이버전이해+잠재역량개발1+병영체험2+국방경영및관리+전술과작전술+비전설계1+동아시아와유라시아지역연구+지휘통솔1+국제관계와국방협력,34,32,군무원+군인,2023-02-22,2023-12-27,B340014,한국대학교육협의회
2023,11,서울특별시,110,종로구,상명대학교,대학교,4년,학사,주간,기존,국어교육과,U03050100002,A98043,인문사회,사범대학,일반과정,학교현장실습(학기제)+국어교육과정과평가+교과교실수업연구+학교현장과현대문학+국어교사와국어교육의탐구+국어교과논리및논술+고전소설교육론+국문학사+국어사자료강독+고전문학과문화콘텐츠(캡스톤디자인)+근세시가교육론+형태·통사론+교직과미래교사+국어학개론+미래교사와의사소통+화법교육론+국어교과교육론+교육학개론+현대문법교육론+현대시교육론+독서교육론+국어교육론+교육심리+교육철학및교육사+고전문학강독+고문법교육론+소설교육론+중세시가교육론+교육평가+교육사회+특수교육학개론+미디어리터러시와교육연극론+국어교과교재연구및지도법+현대문학사+교육과정+생활지도및상담+교육방법및교육공학+교직실무+국어사+현대소설사+교육행정및교육경영+학교폭력예방및학생의이해+문예비평론+학습자맞춤형수업설계(캡스톤디자인)+국어규범교육론+문학교육론,45,50,국어교사+중등교사,2023-02-22,2023-12-27,B340014,한국대학교육협의회
2023,11,서울특별시,110,종로구,상명대학교,대학교,4년,학사,주간,기존,글로벌경영학과,U02010100269,A03037,인문사회,경영경제대학,일반과정,4차산업혁명과강소기업경영론+데이터기반글로벌금융투자+글로벌서비스경영론+ICT와국제무역실습+다국적기업경영론+신흥시장진출세미나+신흥시장문화비교론+국제무역의역사적이해+국제통상과기업경영+무역회계기초+ESG와지속가능경영+신흥시장론+무역실무+글로벌마케팅원론+무역과협상+글로벌비즈니스커뮤니케이션+기업재무이론과실제+무역회계실무+ICT융합과소비자행동론+혁신경영과글로벌기업가정신+비즈니스영어+신흥시장지역연구+FTA와융합적통상전략+e비즈니스+경제공간의이해+국제무역이론과실제+전략경영론(캡스톤디자인)+글로벌물류+인공지능과글로벌비즈니스애널리틱스+국제마케팅+국제경영학(캡스톤디자인)+국제금융이론과실제+국제마케팅커뮤니케이션론+글로벌경영사례연구+국제재무관리+통상기획과의사결정+데이터기반글로벌시장조사론(캡스톤디자인)+핀테크금융시장과금융상품+디지털마케팅론+프로젝트매니지먼트(캡스톤디자인)+글로벌유통관리+글로벌비즈니스실습+글로벌브랜드경영+융복합기반K-business(캡스톤디자인),73,124,경리사무원+경영기획사무원+경영컨설턴트+고객정보분석원+관세사+관세행정사무원+국제무역사+마케팅 및 여론조사전문가+마케팅사무원+무역사무원+물류관리사+영업관리사무원+영업원+재무관리자+조세행정사무원+창업컨설팅+통계 및 설문조사원+통상전문가(물류관리전문가)+포워더(복합운송주선인),2023-02-22,2023-12-27,B340014,한국대학교육협의회
2023,11,서울특별시,110,종로구,상명대학교,대학교,4년,학사,주간,기존,기타(소속학과없음),Z99999999999,A99999,인문사회,단과대구분없음,일반과정,,0,0,,2017-02-27,2023-12-27,B340014,한국대학교육협의회
2023,11,서울특별시,110,종로구,상명대학교,대학교,4년,학사,주간,기존,기타모집단위,U01020800121,A99999,인문사회,단과대구분없음,일반과정,,0,0,,2023-02-22,2023-12-27,B340014,한국대학교육협의회
2023,11,서울특별시,110,종로구,상명대학교,대학교,4년,학사,주간,기존,미술학부 생활예술전공,U07020100074,C13124,예체능,문화예술대학,일반과정,디자인아트스튜디오2(캡스톤디자인)+NONWOVEN기법연구+기초공구기법과구조+Surface Art기법+그래픽디자인+특수공구기법과조형+OFF-LOOM직물기법+퍼니처캡스톤디자인1+아트퍼니처캡스톤디자인1+문화상품기획(캡스톤디자인)+Surface Capstone Design1+기초 On-Loom Capstone Design+특수니팅기법연구1+퍼니처캡스톤디자인2+브랜딩방법론+특수니팅기법연구2+아트퍼니처캡스톤디자인2+Surface Capstone Design2+On-Loom Capstone Design+디자인아트스튜디오I(캡스톤디자인)+ Life Art Project2+리빙디자인스튜디오2+기초조형+디자인드로잉1+형태와구조+생활예술과인공지능+디자인드로잉2+기초가구디자인+Mixed Media+색채와예술문화+현대가구디자인사+Open Studio Design1+3D Software+재료연구(가구조형)+기초니팅기법연구+Open Studio Design2+3D프린팅상품개발+리빙디자인스튜디오Ⅰ+Life Ar,33,26,가구디자이너+머천다이저+인테리어디자이너+직물디자이너(텍스타일디자이너),2023-02-22,2023-12-27,B340014,한국대학교육협의회
2023,11,서울특별시,110,종로구,상명대학교,대학교,4년,학사,주간,기존,미술학부 조형예술전공,U07040300057,C13126,예체능,문화예술대학,일반과정,미디어리터러시+입체조형+평면조형+실감애니메이션+뉴미디어아트(캡스톤디자인)+창작드로잉(캡스톤디자인)+인공지능에기반한디지털콘텐츠제작기법+드로잉+기초컴퓨터그래픽1+미술학개론+미술진로워크샵(캡스톤디자인)+서양미술사+인체드로잉과해부학+미디어기법+기초조소+한국및동양미술사+판화+기초한국화+이미지와프로덕션+기초회화+조형예술론+한국화표현연구+공간과조형+인체모델링(캡스톤디자인)+문인화+회화와재현(캡스톤디자인)+근현대미술사+독립작품연구(캡스톤디자인)+현대예술의쟁점+스튜디오워크샵+미술과현장(캡스톤디자인)+라키비움의이해+졸업작품연구1+창작워크샵1+졸업작품연구2+창작워크샵2,22,23,게임애니메이터+광고 및 홍보전문가+미술치료사+방과후교사+사진가+아트디렉터(소품·세트)+웹 및 멀티미디어 디자이너+일러스트레이터+조각가+평론가+학예사(큐레이터)+화가,2023-02-22,2023-12-27,B340014,한국대학교육협의회
2023,11,서울특별시,110,종로구,상명대학교,대학교,4년,학사,주간,기존,생명화학공학부 생명공학전공,U05020100472,D20100,공학,융합공과대학,일반과정,바이오시스템+일반생물학실험1+일반화학1+일반생물학1+생명공학입문+일반생물학2+일반생물학실험2+생화학+생화학실험+유전학+유전학실험+생명공학소프트웨어활용+식물생명공학+아동과학지도+세포생물학+생리학+생리학실험+미생물공학+미생물공학실험+분자생물학+분자생물학실험+생물정보학실험+발생공학+생물정보학+생물소재공학+생물독성학+해양생명공학+단백질공학+생물반응공학+생명공학특수연구+생명공학종합설계 1+바이오산업의이해+면역학+생물공정공학+생물배양공학+유전공학+유전체학+생명공학종합설계2,43,32,바이오산업 및 식품회사+바이오에너지연구 및 개발자+바이오의약품연구원+보건위생 및 환경검사원+보건의료관련관리자+생명공학연구원+생명공학자+생명과학연구원+생명정보학자+생물분자유전연구원+수자원환경연구원+수질환경기술자+식품미생물연구원,2023-02-22,2023-12-27,B340014,한국대학교육협의회
2023,11,서울특별시,110,종로구,상명대학교,대학교,4년,학사,주간,기존,생명화학공학부 화공신소재전공,U04100100171,D20097,공학,융합공과대학,일반과정,일반화학실험+일반화학1+일반물리학+일반물리학실험+신소재공학기초+일반화학2+공학수학1+화공양론및프로그래밍+공학수학2+물리화학+물리화학실험+유기공업화학실험1+유기공업화학1+화공열역학1+유기공업화학2+유기공업화학실험2+화학공정계산+공정제어및프로그래밍+화공열역학실험+무기소재공학(캡스톤디자인)+고분자소재공학+이동현상+화공열역학2+무기소재화학실험+고분자소재공학실험+화공단위조작+화공반도체공정+무기공업분석실험+반응공학+유기소재공학(캡스톤디자인)+화공단위조작실험+3D프린팅고분자융합소재(캡스톤디자인)+소재및정밀화학+친환경융합공학소재(캡스톤디자인)+분리공정설계(캡스톤디자인),43,41,고무 및 플라스틱화학공학기술자+도료 및 농약품화학공학기술자+비누 및 화장품화학공학기술자+석유정제기술자+석유화학공학기술자+연료전지개발 및 연구자+음식료품화학공학기술자+의약품화학공학기술자+조향사+화장품개발자+화학공학시험자,2023-02-22,2023-12-27,B340014,한국대학교육협의회
2023,11,서울특별시,110,종로구,상명대학교,대학교,4년,학사,주간,기존,생명화학공학부 화학에너지공학전공,U04060200115,D20098,공학,융합공과대학,일반과정,유기합성+에너지무기재료1+에너지무기재료실험1+에너지무기재료실험2+에너지무기재료2+나노공학실험+일반화학실험1+일반화학1+일반물리학+일반생물학1+일반화학실험2+반응기초+일반화학2+공학수학1+에너지유기재료1+분석화학+에너지유기재료실험1+분석화학실험+신재생에너지개론+에너지유기재료2+에너지유기재료실험2+에너지열역학+에너지열역학실험+에너지변환공학+바이오공학실험+양자역학과분광학 +바이오공학1+전기화학실험+에너지환경공학+바이오공학2+전기화학+캡스톤디자인+고분자나노공학+유기금속과촉매+화학소프트웨어활용+기기분석,43,23,공무원+대체에너지개발연구원+바이오에너지연구 및 개발자+에너지공학기술자+에너지진단전문가+이공학계열교수+전기소재연구자,2023-02-22,2023-12-27,B340014,한국대학교육협의회
2023,11,서울특별시,110,종로구,상명대학교,대학교,4년,학사,주간,기존,수학교육과,U03050500018,B98070,자연과학,사범대학,일반과정,학교현장실습(학기제)+교과교실수업연구+선형대수학1+수학사교육+선형대수학2+집합론교육+정수론+대수학교수법+교직과미래교사+미적분학교육1+미래교사와의사소통+미적분학교육2+실용수학+교육학개론+융복합수학+기하학일반+조합및그래프이론+인공지능과수학+교육사회+컴퓨터와수학교육+미분기하학+해석학1+수학교과교육론+교육과정+교육심리+교육철학및교육사+교직실무+위상수학1+확률및통계1+현대대수학1+해석학2+수학교과교재연구및지도법+교육평가+교육행정및교육경영+특수교육학개론+학교폭력예방및학생의이해+복소함수론+학습자중심수학교육+위상수학2+확률및통계2+현대대수학2+수학교과논리및논술+생활지도및상담+교육방법및교육공학+인공지능과확률통계교육+실함수론+수학교육종합설계,36,30,교수+교재 및 교구개발자+보험계리사+수학 및 통계연구원+수학교사+정보보호전문가,2023-02-22,2023-12-27,B340014,한국대학교육협의회
2023,11,서울특별시,110,종로구,상명대학교,대학교,4년,학사,주간,기존,스포츠무용학부,U07030200441,C10999,예체능,문화예술대학,일반과정,건강관리+문화예술의이해,0,0,각종스포츠지도자+건강관리사 및 운동처방사+건강증진연구+공연기획자+교수+대학강사+레크리에이션강사+무용강사+무용교사+무용기획가+무용스텝(분장  의상)+문화센터강사+스포츠강사+스포츠마케터+스포츠에이전트+스포츠트레이너+예술치료사+임상운동사+전문무용수+체육행정직공무원+학원강사,2023-02-22,2023-12-27,B340014,한국대학교육협의회
2023,11,서울특별시,110,종로구,상명대학교,대학교,4년,학사,주간,기존,스포츠무용학부 무용예술전공,U07030100046,C10119,예체능,문화예술대학,일반과정,특수무용교육실습+무용교육공학+무용경영및기업가정신+무용의시각화와프리젠테이션+발레테크닉1(기초)+한국춤기초원리+현대무용테크닉1(기초)+발레레파토리1(기초)+현대무용창작1(기초)+전통문화유산과민속무용+한국춤창작원리+현대무용테크닉2(기초)+발레테크닉2(기초)+전통연희와국악+현대무용창작2(기초)+발레레파토리2(기초)+공연예술과무대디자인+무용인류학과역사+무형문화재지정전통무용+현대무용테크닉3(발전)+발레테크닉3(발전)+타악과무용반주+현대무용창작3(발전)+발레레파토리3(발전)+문화예술경영론+무용피트니스기초+무용교육론+무용음악제작및실습+AI하이브리드무용창작+문화예술교육개론+스포츠·무용생리학+발레테크닉4(발전)+궁중전통문화와정재+현대무용테크닉4(발전)+발레레파토리4(발전)+무용교수학습방법+문화다양성과커뮤니티댄스+한국춤창작심화+현대무용창작4(발전)+스마트미디어와댄스리터러시+무용교육프로그램개발+문화예술정책및법제+모던핏과필라테스+캡스톤예술기획(캡스톤디자인)+한국춤안무법+현대무용창작5(심화)+발레교육교수법+,31,37,공연기획자+교수+대학강사+무용강사+무용교사+무용기획가+무용스텝(분장  의상)+문화센터강사+예술치료사+전문무용수+학원강사,2023-02-22,2023-12-27,B340014,한국대학교육협의회
2023,11,서울특별시,110,종로구,상명대학교,대학교,4년,학사,주간,기존,스포츠무용학부 스포츠건강관리전공,U07030200440,C10120,예체능,문화예술대학,일반과정,스포츠마케팅+배구+전공기초스포츠(육상체조)+뉴스포츠+농구+요가+스포츠통계및측정평가+운동과공중보건(캡스톤디자인)+스포츠안전+리듬운동+스포츠심리학+스포츠교육학+하계스포츠+헬스케어와스포츠과학의이해+스포츠·무용생리학+운동기능해부학+유아체육론+운동학습및제어+특수체육론+트레이닝방법론+식품과운동생리학+테니스+노인체육론(캡스톤디자인)+스포츠캡스톤프로젝트(캡스톤디자인)+필라테스+운동처방론+웨이트트레이닝+운동부하검사(캡스톤디자인)+스포츠경영+골프+운동영양학+임상운동프로그램(캡스톤디자인)+동계스포츠+운동상해와재활(캡스톤디자인)+체육사+배드민턴/탁구+병태생리학+스포츠사회와윤리,33,16,각종스포츠지도자+건강관리사 및 운동처방사+건강증진연구+레크리에이션진행자+스포츠강사+스포츠마케터+스포츠에이전트+스포츠트레이너+임상운동사+체육행정직공무원,2023-02-22,2023-12-27,B340014,한국대학교육협의회
2023,11,서울특별시,110,종로구,상명대학교,대학교,4년,학사,주간,기존,영어교육과,U03050100010,A98043,인문사회,사범대학,일반과정,학교현장실습(학기제)+교과교실수업연구+교직과미래교사+영어작문+영어독해+영어문법지도법+미래교사와의사소통+중급영어작문+영문학개론+영어회화+언어습득의이해+교육학개론+영미문화+영어학개론+중급영어회화+제2언어교수법(TESOL)+교육심리+교육철학및교육사+영어음성음운론+영어통사론+영어읽기지도+학습자맞춤형영어연습+교육평가+교육사회+특수교육학개론+영어문장분석과지도+영어쓰기지도+영문학강독1+커뮤니케이션스킬+영어교과논리및논술+영어교과교육론+교육과정+생활지도및상담+교육방법및교육공학+교직실무+교실영어+영문학강독2+지능정보기반영어교육(캡스톤디자인)+고급영문법+영어교과교재연구및지도법+교육행정및교육경영+학교폭력예방및학생의이해+화용론과교실담화+데이터기반영어평가+영문학과영어교육+영어듣기말하기지도+영어학과영어교육+프로그램개발및운영(캡스톤디자인),45,41,관광통역안내원+교수+교재 및 교구개발자+기자+대학강사+무역사무원+방과후교사+방송연출가(프로듀서)+번역가+비행기승무원+언어학연구원+여행관련관리자+외국어교사+외국어학원강사+중등학교교사+통역가,2023-02-22,2023-12-27,B340014,한국대학교육협의회
2023,11,서울특별시,110,종로구,상명대학교,대학교,4년,학사,주간,기존,외식의류학부,U05030400047,B08999,자연과학,문화예술대학,일반과정,,0,0,가정학교수+급식 및 임상영양사+머천다이저+바리스타+보건위생 및 환경검사원+상품기획자+소믈리에+식품가공관련 기능종사자+식품공학기술자+식품관련 사업장 관리자+식품관련 연구원+식품관련분야 정부기관 공무원 및 산업체 식품연구소 연구원+식품미생물연구원+식품분석연구원+식품영업원+식품유통업+식품조미원+영양교사+영양사+영양조리 관련 창업+외식산업매니저+제과제빵기능사+제품생산관련관리자+조리교사+조리사+조리사(양식 한식 중식 일식)+조리연구가+직물디자이너(텍스타일디자이너)+푸드스타일리스트,2023-02-22,2023-12-27,B340014,한국대학교육협의회
2023,11,서울특별시,110,종로구,상명대학교,대학교,4년,학사,주간,기존,외식의류학부 식품영양학전공,U05030200308,B08066,자연과학,문화예술대학,일반과정,현대인의영양과건강+고급식품학+생애주기영양학+글로벌비즈니스영어+식품영양통계학+글로벌 Hospitality 영어+조리교과교육론+식품위생학및실험+조리교과교재연구및지도법+영양사현장실무+교직과미래교사+식품학개론+외식산업운영및실습+글로벌외식커뮤니케이션+한국조리+식품화학+생리학+식생활과문화+고급영양학+서양조리+교육학개론+교육사회+푸드스타일링및경영+급식경영및인사관리+식품과운동생리학+영양판정+교육과정+교육심리+교육철학및교육사+교직실무+제과제빵학+영양교육및상담+급식경영및마케팅전략(캡스톤디자인)+식품가공및저장학+교육평가+교육행정및교육경영+특수교육학개론+학교폭력예방및학생의이해+실험조리+생화학+조리교과논리및논술+단체급식관리및실습+생활지도및상담+교육방법및교육공학+식사요법+외식창업론(캡스톤디자인),31,38,가정학교수+급식 및 임상영양사+바리스타+보건위생 및 환경검사원+소믈리에+식품가공관련 기능종사자+식품공학기술자+식품관련 사업장 관리자+식품관련 연구원+식품미생물연구원+식품분석연구원+식품영업원+식품유통업+식품조미원+영양교사+영양사+영양조리 관련 창업+외식산업매니저+제과제빵기능사+조리교사+조리사+조리사(양식 한식 중식 일식)+조리연구가+푸드스타일리스트,2023-02-22,2023-12-27,B340014,한국대학교육협의회
2023,11,서울특별시,110,종로구,상명대학교,대학교,4년,학사,주간,기존,외식의류학부 의류학전공,U05030300064,B08068,자연과학,문화예술대학,일반과정,색채와패션디자인+테크니컬디자인+비주얼머천다이징+패션CAD소프트웨어+패션3D모델링+글로벌텍스타일매니지먼트+패션테크놀로지+패션마켓리서치와빅데이터분석+패션마케팅+스타일분석및표현1+현대패션+패션소품제작+텍스타일기초+패턴과의류생산1+패셔노믹스+스타일분석및표현2+패션신소재과학+패턴과의류생산2+패션과소비자+글로벌패션머천다이징+컨셉개발1+패션리테일링+컨셉개발2+3D프린팅상품개발+테일러링+고급패션CAD+패션글로벌소싱+졸업작품기획(캡스톤디자인)+졸업작품제작(캡스톤디자인),26,31,머천다이저+상품기획자+제품생산관련관리자+직물디자이너(텍스타일디자이너),2023-02-22,2023-12-27,B340014,한국대학교육협의회
2023,11,서울특별시,110,종로구,상명대학교,대학교,4년,학사,주간,기존,융합경영학과,U02010100568,A03033,인문사회,경영경제대학,일반과정,경제학입문+경영학원론+회계원리+경제학원론+경영경제통계+재무관리+마케팅+전략경영+소비자와시장환경+인적자원관리+미시경제학+비지니스커뮤니케이션+국제경영+금융시장론+세무회계+생산관리+거시경제학+e-commerce+국제마케팅+경영정보시스템+시장조사론+화폐금융+소비자법과정책+무역실무+소비자트렌드분석+세일즈매니지먼트+AI와경영,1,28,MIS전문가+경리사무원+경영기획사무원+경영정보시스템개발자+경영컨설턴트+경제학연구원+고객정보분석원+관세행정사무원+금융관련사무원+금융관리자+금융회사 자산운용가+기업고위임원(CEO)+기획·홍보 및 광고관리자+노무사+데이터분석전문가+리스크매니저+마케팅 및 여론조사전문가+마케팅사무원+무역사무원+물류관리사+상품기획자+생산관리사무원+세무사+소비자전문가+스포츠마케터+시장 및 여론조사관리자+시장 및 여론조사전문가+영업관리사무원+영업원+재무관리자+정보시스템운영자+조세행정사무원+창업+창업컨설팅+컨설턴트+통계 및 설문조사원+회계사무원,2023-02-22,2023-12-27,B340014,한국대학교육협의회
2023,11,서울특별시,110,종로구,상명대학교,대학교,4년,학사,주간,기존,음악학부,U07060100004,C14999,예체능,문화예술대학,일반과정,영상음악작곡법+영어딕션2+피아노문헌4+오케스트라및합창8(캡스톤디자인)+전공실기8+전공실기1+이태리어딕션1+관악현악합주1+재즈화성실습+실내악실기1+오케스트라및합창1+반주법1+연주1+음악사1+시창청음1+음악이론1+전공실기2+이태리어딕션2+오케스트라및합창2+연주2+관악.현악합주2+실내악실기2+미디/오디오시퀀싱+반주법2+시창청음2+음악이론2+음악사2+문화예술교육개론+대위법1+전공실기3+피아노연주법1+관현악법1+건반화성1+오케스트라및합창3+관악현악합주3+연주3+피아노앙상블1+ICT음악플러스+실내악실기3+부전공기악실기1+음악분석1+스튜디오테크닉+독일어딕션1+한국가곡연구+형식과분석1+음악분야에서의인공지능+대위법2+전공실기4+뮤지컬작곡법 +오케스트라및합창4+연주4+피아노연주법2+건반화성2+형식과분석2+독일어딕션2+부전공기악실기2+마스터코랄1+피아노앙상블2+관현악법2+음악분석2+관악현악합주4+실내악실기4+음악교육론+공연제작의기술관리+음악마케팅과관객창출 +마스터코랄2(캡스톤디자인)+성악문헌1+오케스트,59,61,공연기획자+공연기획자(행사기획자)+교수+대학강사+문화센터강사+방과후교사+성악가+성우+연주가+예능계강사+음반 제작+음반기획자+음악감독+음악교사+음악치료사+음향 및 녹음기사+음향감독+음향기사+작곡가+지휘자,2023-02-22,2023-12-27,B340014,한국대학교육협의회
2023,11,서울특별시,110,종로구,상명대학교,대학교,4년,학사,주간,기존,인문콘텐츠학부 문헌정보학전공,U01020100019,A05031,인문사회,인문사회과학대학,일반과정,정보서비스론+주제별정보원+디지털도서관과IT+소셜미디어데이터수집및분석+메타데이터이해및ICT활용(캡스톤디자인)+교직과미래교사+정보통신기술론+문헌정보학의 이해+정보문화사+문헌분류법+디지털정보활용+정보시스템분석과설계+정보자원개발+문헌분류연습+교육학개론+교육사회+디지털콘텐츠제작기술+자동화목록법실습+도서관·정보센터경영론+웹데이터베이스구축+교육과정+교육심리+교육철학및교육사+교직실무+온라인정보검색+미디어센터운영+공공도서관 경영+의학문헌의색인과탐색+교육평가+교육행정및교육경영+특수교육학개론+학교폭력예방및학생의이해+문헌정보학세미나+디지털데이터분석기초+독서지도+콘텐츠기획및마케팅+생활지도및상담+교육방법및교육공학+빅데이터 보안(캡스톤디자인)+라키비움의이해+기록관리+도서관과저작권,30,30,기록물관리사+데이터분석전문가+독서지도사+독서치료사+사서+특허정보관리원+행정공무원,2023-02-22,2023-12-27,B340014,한국대학교육협의회
2023,11,서울특별시,110,종로구,상명대학교,대학교,4년,학사,주간,기존,인문콘텐츠학부 역사콘텐츠전공,U01020400057,A02014,인문사회,인문사회과학대학,일반과정,중국의역사와문화+역사학의이해+한국사사료강독과DB활용+역사콘텐츠입문+서양고대사+한국고대사+서양사사료강독과DB활용+일본고중세사+근대중국과세계질서+한국사특강+인물로보는중국사+한국중세사+일본의문화와생활+전통중국과동아시아+서양중세사+디지털문화유산과인공지능+서양근대사+일본전통문화의이해+역사스토리텔링+한국근세사+영상역사학워크샵(캡스톤디자인)+한국근대사+박물관의이해와현장실습+중국도시문화와생활+현대중국의이해+한국대외관계사의재조명+인물로보는일본사+서양현대사+한국현대사+서양사의이해+라키비움의이해+동아시아속의한일관계사+서울의역사와문화유산,35,33,공무원+기자+문화재보존가+문화콘텐츠전문가+방송연출가+방송작가+여행관련관리자+여행상품개발자+역사학연구원+영화시나리오작가+인문과학연구원+중등학교교사+출판물기획전문가+학예사(큐레이터),2023-02-22,2023-12-27,B340014,한국대학교육협의회
2023,11,서울특별시,110,종로구,상명대학교,대학교,4년,학사,주간,기존,인문콘텐츠학부 지적재산권전공,U02020100152,A04019,인문사회,인문사회과학대학,일반과정,채권법총론 +법학개론+민법총칙 +전공영어 +상법총론+형사법+저작권법1+지적재산권개론+물권법총론 +회사법1+저작권법2+특허법1+상표법+물권법각론 +회사법2+게임과저작권 +특허법2+역사스토리텔링+국제저작권법+콘텐츠와법+어음수표법+음악저작물과저작권법+채권법각론 +민법연습+콘텐츠계약론(캡스톤디자인)+보험해상법+친족상속법+민사소송법+저작권침해와구제+지적재산권연습,25,39,법률관련사무원(법무 및 특허사무원)+저작권에이전트,2023-02-22,2023-12-27,B340014,한국대학교육협의회
2023,11,서울특별시,110,종로구,상명대학교,대학교,4년,학사,주간,기존,전기전자공학부,U04050200006,D15084,공학,융합공과대학,일반과정,,0,0,대체에너지개발기술자+대체에너지개발연구원+반도체공학기술자+발전설비기술자+변리사+송배전설비기술자+시스템엔지니어+이공학계열교수+전기계측제어기술자+전기공학기술자+전기안전기술자+전자공학기술자,2023-02-22,2023-12-27,B340014,한국대학교육협의회
2023,11,서울특별시,110,종로구,상명대학교,대학교,4년,학사,주간,기존,지능 데이터융합학부,U04080300595,D15091,공학,융합공과대학,일반과정,파이썬+확률과통계,45,0,빅데이터전문가+인공지능전문가+자동화 시스템 설계 및 제조자,2023-02-22,2023-12-27,B340014,한국대학교육협의회
2023,11,서울특별시,110,종로구,상명대학교,대학교,4년,학사,주간,기존,지능 데이터융합학부 빅데이터융합전공,U04080100363,D15090,공학,융합공과대학,일반과정,금융데이터와플랫폼+스타트업성장전략+행동재무학+금융과데이터분석+파이썬을이용한통계학습+스타트업개론+빅데이터분석개론+바이오헬스케어입문+핀테크와인공지능+빅데이터응용실습1+차세대컴퓨팅+금융머신러닝+핀테크및관련법에대한이해+빅데이터의이해와적용+스마트팩토리에대한이해+핀테크입문+전자상거래보안입문+서비스이론과플랫폼기업연구+정보보호이론+프로그래밍언어+빅데이터시각화+빅데이터현장실습+비즈니스SW활용+유무선네트워크보안+블록체인기술+빅데이터캡스톤디자인+데이터보안,0,0,빅데이터분석가+빅데이터전문가+지속가능경영전문가,2023-02-22,2023-12-27,B340014,한국대학교육협의회
2023,11,서울특별시,110,종로구,상명대학교,대학교,4년,학사,주간,기존,지능 데이터융합학부 스마트생산전공,U04090100162,D15999,공학,융합공과대학,일반과정,금융데이터와플랫폼+빅데이터분석개론+바이오헬스케어입문+빅데이터응용실습1+행동재무학+핀테크및관련법에대한이해+3D프린팅현장실습+파이썬을이용한통계학습+스타트업개론+스타트업성장전략+핀테크와인공지능+차세대컴퓨팅+금융머신러닝+3D프린팅기술과3D소프트웨어이해+스타트업캡스톤디자인+빅데이터의이해와적용+스마트팩토리에대한이해+핀테크입문+전자상거래보안입문+서비스이론과플랫폼기업연구+정보보호이론+빅데이터시각화+비즈니스SW활용+블록체인기술+데이터보안+스마트생산현장실습+3D프린팅캡스톤디자인,0,0,3D프린팅모델러+소자 및 제조공정 개발 엔지니어,2023-02-22,2023-12-27,B340014,한국대학교육협의회
2023,11,서울특별시,110,종로구,상명대학교,대학교,4년,학사,주간,기존,지능 데이터융합학부 핀테크전공,U04080300594,D15091,공학,융합공과대학,일반과정,빅데이터분석개론+스타트업성장전략+바이오헬스케어입문+빅데이터응용실습1+해킹과바이러스+금융데이터와플랫폼+파이썬을이용한통계학습+스타트업개론+핀테크와인공지능+행동재무학+금융과데이터분석+차세대컴퓨팅+금융머신러닝+핀테크및관련법에대한이해+핀테크캡스톤디자인II+빅데이터의이해와적용+스마트팩토리에대한이해+핀테크입문+전자상거래보안입문+서비스이론과플랫폼기업연구+정보보호이론+프로그래밍언어+빅데이터시각화+비즈니스SW활용+유무선네트워크보안+블록체인기술+핀테크캡스톤디자인I+레그테크+데이터보안,0,0,금융상품개발자+보험상품개발자+시스템엔지니어,2023-02-22,2023-12-27,B340014,한국대학교육협의회
2023,11,서울특별시,110,종로구,상명대학교,대학교,4년,학사,주간,기존,지능 데이터융합학부 휴먼지능정보공학전,U04080100362,D15091,공학,융합공과대학,일반과정,감성컴퓨팅+딥러닝+운영체제+바이오시스템+신경공학+감성맥락지능+C프로그래밍1+지능정보공학설계 +개인정보보호론 +C프로그래밍2+이산수학 +디지털보안학+객체지향프로그래밍+자료구조+선형대수학+컴퓨터로직설계+UI/UX프로그래밍 +인지공학 +네트워크프로그래밍 +알고리즘+인공지능개론+빅데이터분석+데이터베이스+소프트웨어공학+컴퓨터비전+컴퓨터구조설계+블록체인프로그래밍 +피지컬컴퓨팅+시스템분석설계+패턴인식+휴먼지능정보종합설계2+웹프로그래밍+휴먼지능정보종합설계1+소셜인공지능+산업기술서비스론,75,51,가상현실(VR)디자이너+게임기획자+게임프로그래머+데이터베이스개발자+디지털영상처리전문가+로봇공학기술자+모바일콘텐츠개발자+스마트폰앱개발자+정보보호전문가+정보시스템운영자+컴퓨터프로그래머,2023-02-22,2023-12-27,B340014,한국대학교육협의회
2023,11,서울특별시,110,종로구,상명대학교,대학교,4년,학사,주간,기존,행정학부,U02030700083,A05029,인문사회,인문사회과학대학,일반과정,PSAT(1):언어논리+PSAT(2):자료해석+PSAT(3):상황판단+도시및지방행정론+행정법1+행정학개론+정부와제도+역량강화실습론+정책학원론+국가와기본권+행정통계학+조직과정보관리+기본권보호와통치구조+인적자원관리론+조사방법과데이터분석+조직과변화관리+공공관리론+공공복지와정책+재무행정론+갈등관리와협상+조직행태론+관료제와행정이론+공직윤리론+전략기획과혁신+정책성과분석평가론+공공데이터의이해+공공홍보마케팅(캡스톤디자인)+행정법2+전자정부론+노사관계와노동법+문화정책론(캡스톤디자인)+지능정보와공공데이터관리+민관협력과공공가치+행정학세미나+사회복지행정론,59,53,공무원+교수+법률관련사무원(법무 및 특허사무원)+복지시설생활지도원+사회복지사+소방공무원+정부기관 및 국영 기업체+행정공무원+행정부고위공무원+행정학연구원,2023-02-22,2023-12-27,B340014,한국대학교육협의회
2023,44,충청남도,130,천안시,상명대학교,대학교,4년,학사,주간,기존,간호학과,U06020100004,B21112,자연과학,융합기술대학,일반과정,성인간호실습4+종합실습(PBL)+간호관리실습+정신간호실습+법과정책+미생물과감염관리+환자안전과간호+건강사정및실습+간호와정보+아동간호실습+임상추론및실습1(PBL)+응급및재난간호+임상추론및실습3(PBL)+성인간호실습1+성인간호실습2+임상추론및실습2(PBL)+지역사회실습+성인간호실습3+간호학입문+해부학+사회와건강+간호관리학2+생리학+인간성장과발달+생명윤리+건강증진+기본간호학및실습1+약리학+인간관계와의사소통+병리학+가족건강+성인간호학3+건강보험론+정신간호학2+여성건강간호실습(PBL)+간호관리학1+비판적사고와간호+기본간호학및실습2+성인간호학1+간호연구+건강교육+지역사회간호학1+여성건강간호학1+아동간호학1+성인간호학2+통계의이해+여성건강간호학2+정신간호학1+지역사회간호학2+아동간호학2,62,75,간호사+건강증진연구+교수+병원코디네이터+병원행정사무원+보건교사+보건사회연구원+보건위생연구원+보건의료관련관리자+보건직공무원+수술실간호사+임상심리사(심리치료사),2023-02-22,2023-12-27,B340014,한국대학교육협의회
2023,44,충청남도,130,천안시,상명대학교,대학교,4년,학사,주간,기존,건설시스템공학과,U04020100016,D16075,공학,공과대학,일반과정,건설기초수학+공학프로그래밍(SW)+건설기초물리학+건설기초화학+수리학및실험Ⅰ+공업역학및구조해석입문+건설융합특론(캡스톤디자인)+IT융합시설물유지관리(SW)+재료역학및구조해석실습+구조역학및구조해석응용+강구조공학및전산구조해석입문+환경융합시공학및연습+응용역학및자격증준비입문+토질역학및실습Ⅰ+IT융합공간정보설계및실습(SW)+건설품질관리+환경융합전산구조설계및실습(SW)+전산기반공학수학및실습(SW)+토질역학및실습Ⅱ+수리학및실험Ⅱ+스마트설계및실습(SW)+상하수도공학및지역현장실습Ⅰ+환경융합철근콘크리트공학및실습+수문학(SW)+측량학및실습+기초공학및연습+종합설계및연습(SW)+IT융합건설안전관리및실습(PBL)+지속가능환경시스템+수자원공학및실습(SW)+상하수도공학및지역현장실습Ⅱ+환경융합RC설계및실습,39,31,건설 및 광업 관련 관리자+건설기계운전원+건설자재시험원+건축감리기술자+건축공학기술자+건축구조기술자+건축사+건축설계기술자+건축설비기술자+건축시공기술자+건축안전기술자+도시계획가+산업안전 및 위험관리원+용접원+이공학계열교수+조경기술자+지열시스템연구 및 개발자+측량사+토목감리기술자+토목공학기술자+토목구조설계기술자+토목시공기술자+토목안전환경기술자,2023-02-22,2023-12-27,B340014,한국대학교육협의회
2023,44,충청남도,130,천안시,상명대학교,대학교,4년,학사,주간,기존,경영공학과,U04090100001,D17102,공학,공과대학,일반과정,경영공학세미나기초+프로그래밍기초+증권분석과투자론+아트블록체인+금융AI실습+창의형캡스톤디자인(PBL)I+기술경영+창의형캡스톤디자인(PBL)II+경영공학개론+경영학원론+경제성공학+품질경영과실습+경영정보시스템+마케팅+경영통계Ⅰ+회계원리+인공지능프로그래밍+마케팅조사론+경영데이터분석기초+경영통계Ⅱ+경영통계분석실습(PBL)+경영과학+재무관리+품질경영+생산운영관리+경영빅데이터분석+유통물류관리+경영데이터마이닝+금융공학+경영시뮬레이션+경영과학응용,39,41,MIS전문가+경영정보시스템개발자+경영컨설턴트+고객정보분석원+광고및홍보전문가+금융관련사무원+금융관리자+물류관리사+산업공학기술자+상품기획자+시스템컨설턴트+영업원+전자상거래전문가+정보기술컨설턴트+제품생산관련관리자+품질관리사무원+품질인증심사전문가,2023-02-22,2023-12-27,B340014,한국대학교육협의회
2023,44,충청남도,130,천안시,상명대학교,대학교,4년,학사,주간,기존,계당교양교육원(공학),U04110300110,D99999,공학,계당교양교육원,일반과정,,0,0,공학교수,2023-02-22,2023-12-27,B340014,한국대학교육협의회
2023,44,충청남도,130,천안시,상명대학교,대학교,4년,학사,주간,기존,계당교양교육원(예체능),U07020310027,C99999,예체능,계당교양교육원,일반과정,,0,0,예능계강사,2023-02-22,2023-12-27,B340014,한국대학교육협의회
2023,44,충청남도,130,천안시,상명대학교,대학교,4년,학사,주간,기존,계당교양교육원(인문사회),U01020800227,A99999,인문사회,계당교양교육원,일반과정,,0,0,공무원,2023-02-22,2023-12-27,B340014,한국대학교육협의회
2023,44,충청남도,130,천안시,상명대학교,대학교,4년,학사,주간,기존,계당교양교육원(자연),U05040600088,B99999,자연과학,계당교양교육원,일반과정,,0,0,연구원,2023-02-22,2023-12-27,B340014,한국대학교육협의회
2023,44,충청남도,130,천안시,상명대학교,대학교,4년,학사,주간,기존,그린스마트시티학과,U04020200060,B07057,자연과학,융합기술대학,일반과정,ARVR공간정보실습+IoT빅데이터분석실습+스마트리빙스페이스디자인(PBL)+디지털설계스튜디오I(스마트정원)(PBL)+지속가능발전과그린스마트시티+그린스마트LIM+디지털설계스튜디오II(스마트공원)(PBL)+그린스마트산업과스타트업+디지털적산및현장실습+그린스마트시티법규+디지털그린환경관리+디지털(AI)공간환경정보학+그린웰빙투어리즘+기후재앙시대의생태환경+에코디자인과공학랩+디지털측량학실습+그린플랜팅+디지털설계스튜디오IV(스마트도시계획)(PBL)+경관환경생태학+그린스마트시티학원론+그린환경식물학+디지털설계(CAD)+녹색식물기술학+도시문화와예술사I+GIS공간환경분석+GIS공간환경계획설계+도시문화와예술사II+디지털시공구조학및재료학+디지털설계스튜디오III(스마트생태단지계획)(PBL)+생태복원공학,42,0,도시계획가+조경연구원+친환경건축가+환경영향평가원,2023-02-22,2023-12-27,B340014,한국대학교육협의회
2023,44,충청남도,130,천안시,상명대학교,대학교,4년,학사,주간,기존,그린화학공학과,U04100100166,D20097,공학,공과대학,일반과정,일반물리학및연습I+대학기초수학(그린화학공학)+일반물리학및연습II(PBL)+미적분학(그린화학공학)+공업화학+일반화학및연습I+일반화학및연습II+화공단위조작+폐기물관리공학및실험+그린화학공정설계+분자설계공학및실습(PBL)+전산모델링및실습+에너지변환공학및실습+기초생명공학Ⅰ+유기화학+기초생명공학Ⅱ+환경미생물학+공업수학(PBL)+화공분석화학+캡스톤디자인Ⅱ(그린화학공학)+화공열역학+생명공학및실험Ⅰ+화학반응공학및연습+화학공학양론+공정유체역학+폐기물처리공학+화학공정제어+전기화학공학및실습+생명공학및실험Ⅱ+대기오염제어공학+폐기물자원화공학+에어로졸공학+캡스톤디자인Ⅰ(그린화학공학)+유해폐기물처리공학+열및물질전달,52,52,공무원+대체에너지개발기술자+바이오산업 및 식품회사+바이오의약품연구원+보건위생 및 환경검사원+비누 및 화장품화학공학기술자+산업안전 및 위험관리원+생명공학자+에너지공학기술자+연료전지개발 및 연구자+의약품화학공학기술자+태양열연구 및 개발자+토양(환경)공학기술자+폐기물처리기술자+화장품개발자+화학공학기술자+환경 및 보건위생검사원+환경공학기술자+환경공학시험원+환경교사+환경영향평가원+환경컨설턴트,2023-02-22,2023-12-27,B340014,한국대학교육협의회
2023,44,충청남도,130,천안시,상명대학교,대학교,4년,학사,주간,기존,글로벌금융경영학부,U02010500226,A03151,인문사회,융합기술대학,일반과정,경제학원론+금융경영세미나(캡스톤디자인)+마케팅전략+손해보험세미나(PBL)+경영프로젝트(캡스톤디자인)+경영통계학+사회보험론+손해보험론+자연재해보험실무+연금론+손해사정이론+경영학원론+위험관리론+회계원리+경영전략론+재무관리+보험계약법+비즈니스실무영어+투자론+건강보험론+증권분석론+재무설계I+원가회계+파생상품및금융공학+금융상품론+관리회계+재무설계II,68,65,감정평가사+경리사무원+경영컨설턴트+관세사+국제회의전문가+국회의원+금융관련사무원+금융관리자+금융자산운용가+기업고위임원+노무사+보험계리사+보험관리자+보험대리인 및 중개인+보험사무원+보험설계사+부동산중개인+선물거래중개인+세무사+스포츠에이전트+신용분석가+신용추심원+외환딜러+재무관리자+전문비서+전자상거래전문가+조세행정사무원+증권중개인+출납창구사무원+투자분석가(애널리스트)+헤드헌터+호텔지배인+회계사+회계사무원,2023-02-22,2023-12-27,B340014,한국대학교육협의회
2023,44,충청남도,130,천안시,상명대학교,대학교,4년,학사,주간,기존,글로벌지역학부,U01011200086,A01999,인문사회,글로벌인문학부대학,일반과정,글로벌사회와지역문화+글로벌시대의인문학,153,0,번역가+외국어교사+통역가,2023-02-22,2023-12-27,B340014,한국대학교육협의회
2023,44,충청남도,130,천안시,상명대학교,대학교,4년,학사,주간,기존,글로벌지역학부 한국언어문화전공,U01010200122,A01002,인문사회,글로벌인문학부대학,일반과정,한국문학의이해+한국어교육개론+한국어학의이해+한국의전통문화+한국현대시의이해+한국문화교육론+한국어발음교육론+고전명작읽기와감상+한국민속학+한국현대문화비평+한국어표현교육론+한국어어문규범+문예창작실습+한국어문법론+한국현대소설의이해+한국고전서사와문화콘텐츠+언어학개론+사회언어학+한국고전문학스토리텔링(PBL)+한국어어휘교육론+현대한국사회+한국문학사+한국어문법교육론+한국현대시와사회+한국문학과세계문학+응용언어학+한국어교육실습+한국시가문화의이해+한국어교재론+한국어한자교육론+한국어이해교육론,33,38,기자+방송연출가(프로듀서)+방송작가+번역가+사서+소설가+시인+아나운서+언어학연구원+영화시나리오작가+작가+작사가+출판물기획자+출판물기획전문가+출판물편집자+카피라이터+평론가,2023-02-22,2023-12-27,B340014,한국대학교육협의회
2023,44,충청남도,130,천안시,상명대학교,대학교,4년,학사,주간,기존,기타(소속학과없음),Z99999999999,A99999,인문사회,단과대구분없음,일반과정,,0,0,,2017-04-06,2023-12-27,B340014,한국대학교육협의회
2023,44,충청남도,130,천안시,상명대학교,대학교,4년,학사,주간,기존,기타모집단위,U01020800121,A99999,인문사회,단과대구분없음,일반과정,,0,0,,2023-02-22,2023-12-27,B340014,한국대학교육협의회
2023,44,충청남도,130,천안시,상명대학교,대학교,4년,학사,주간,기존,독일어권지역학전공,U01010700032,A02017,인문사회,글로벌인문학부대학,일반과정,기초독일어+문학으로읽는독일역사+독일문학과문화콘텐츠+독일어회화1+독일어연습1+현대독일의사회와문화+시청각독일어실습1+한독문화비교(캡스톤디자인)+독일어회화6+독일어회화2+독일어연습2+시청각독일어실습2+독일의공연예술+영화로보는독일사회(PBL)+독일어텍스트읽기+독일어회화3+독일문학과영화의이해+독일과EU+독일어회화4+독일어권기업문화론(캡스톤디자인)+독일의도시와축제+실용독일어+독일어회화5+ZD독일어+독일어쓰기,0,8,관광통역안내원+기자+번역가+여행안내원+외교관+의료관광코디네이터+인문사회계열교수+저작권에이전트+통역가+해외주재원,2023-02-22,2023-12-27,B340014,한국대학교육협의회
2023,44,충청남도,130,천안시,상명대학교,대학교,4년,학사,주간,기존,디자인학부,U07010100010,C13125,예체능,디자인대학,일반과정,디자인교육프로그램개발+디자인교수학습 방법(유아초등중등일반)+기초디자인1+관찰과표현기법+디자인교육론+디지털미디어+기초디자인2,195,0,도예디자이너+시각디자이너+인테리어디자이너+패션디자이너,2023-02-22,2023-12-27,B340014,한국대학교육협의회
2023,44,충청남도,130,천안시,상명대학교,대학교,4년,학사,주간,기존,디자인학부 AR VR미디어디자인전공,U07010300085,C13125,예체능,디자인대학,일반과정,AR VR기초디자인+AR VR모션디자인Ⅰ+AR VR스토리텔링+AR VR프레이밍디자인+AR VR모션디자인Ⅱ+가상현실기초프로그래밍+AR VR콘텐츠스튜디오Ⅱ(캡스톤디자인)+AR VR디자인스튜디오Ⅵ(PBL)+AR VR포트폴리오+AR VR디자인스튜디오Ⅰ+AR VR서비스기획론+AR VR디자인프로그래밍Ⅰ+AR VR3D시뮬레이션Ⅰ+AR VR디자인스튜디오Ⅱ+AR콘텐츠디자인Ⅰ+AR VR디자인프로그래밍Ⅱ+AR VR3D시뮬레이션Ⅱ+AR VR콘텐츠스튜디오Ⅰ(캡스톤디자인)+AR VR디자인스튜디오Ⅴ(PBL)+트렌스미디어디자인+VR영상미디어디자인+AR VR디자인프로그래밍응용+AR VR디자인스튜디오Ⅲ(PBL)+AR콘텐츠디자인Ⅱ+VR인터랙티브미디어디자인+AR사용자중심디자인+AR VR디자인스튜디오Ⅳ(PBL)+AR VR디자인코딩,20,0,가상현실(VR)디자이너+가상현실전문가+증강현실전문가,2023-02-22,2023-12-27,B340014,한국대학교육협의회
2023,44,충청남도,130,천안시,상명대학교,대학교,4년,학사,주간,기존,러시아어권지역학전공,U01010800028,A02017,인문사회,글로벌인문학부대학,일반과정,러시아어첫걸음+러시아영화와애니메이션+비즈니스실무러시아어+미디어번역연습+신실크로드와한류(PBL)+러시아·중앙아시아이슈스케치+러시아문화콘텐츠+중앙아시아문명사+러시아어1+러시아어회화1+러시아어연습1+현대러시아의사회와문화+러시아예술의매혹+러시아어2+러시아어회화2+러시아어연습2+러시아의역사+러시아문학과사상+러시아명작특강+러시아어3+러시아어회화3+핵심러시아어문법+TORFL러시아어 +러시아문화읽기+러시아·중앙아시아시장과기업문화(PBL)+미디어로보는러시아·중앙아시아+러시아어회화4+러시아어어휘와문장,0,9,관광통역안내원+기자+번역가+여행안내원+외교관+의료관광코디네이터+인문사회계열교수+저작권에이전트+출판물기획전문가+통역가+해외주재원,2023-02-22,2023-12-27,B340014,한국대학교육협의회
2023,44,충청남도,130,천안시,상명대학교,대학교,4년,학사,주간,기존,사회체육전공,U07030200043,C10120,예체능,융합기술대학,일반과정,인라인+스포츠인문학적탐구+야외활동+스포츠건강관리(PBL)+스포츠미디어실습(캡스톤디자인)+골프Ⅱ+스포츠영어회화+졸업실기+사회체육연구법+스포츠마사지/테이핑+스포츠사회학+검도Ⅰ+래프팅+수영Ⅱ+인체해부학+안전교육+테니스Ⅰ+검도Ⅱ+태권도Ⅱ+스키+운동생리학+골프Ⅰ+테니스Ⅱ+웨이트트레이닝+트레이닝론(PBL)+건강교육론(PBL)+수상스키+윈드서핑+스킨스쿠버+스포츠심리학+운동역학+운동재활Ⅰ(PBL)+스노우보드+운동재활Ⅱ+운동처방론(캡스톤디자인)+스포츠복지론+측정평가,0,27,각종스포츠지도자+건강관리사 및 운동처방사+경기감독 및 코치+경기기록원+경기심판+경기심판원+경찰관+경호원+군인+다이어트프로그래머+레크리에이션강사+리조트직원+무도지도자+방과후교실지도자+생활체육지도자+선수트레이너+스포츠강사+스포츠과학연구원+스포츠에이전트+스포츠트레이너+여가레크리에이션지도자+여가카운슬러+임상병리사+체육용품회사+체육행정직공무원,2023-02-22,2023-12-27,B340014,한국대학교육협의회
2023,44,충청남도,130,천안시,상명대학교,대학교,4년,학사,주간,기존,세라믹디자인전공,U07010500061,C13125,예체능,디자인대학,일반과정,환경도자스튜디오2+리빙제품스튜디오2+테이블웨어디자인+디지털디자인1+공예교육론+생활소품디자인+세라믹데코레이션+포트폴리오+제품도자스튜디오2(캡스톤디자인)+조형도자디자인+테이블웨어디자인2+공예교육프로그램개발+세라믹몰드기법+세라믹쥬얼리디자인(PBL)+세라믹매니지먼트(캡스톤디자인)+환경도자디자인1(PBL)+프로덕트디자인1(캡스톤디자인)+환경도자스튜디오1+리빙제품스튜디오1+스포츠융합디자인의이해(PBL)+리빙제품디자인1+제품도자스튜디오1(캡스톤디자인)+디지털디자인2+공예교수학습방법+프로덕트디자인2(캡스톤디자인)+세라믹트렌드연구(PBL)+리빙제품디자인2+환경도자디자인2(PBL),0,7,3D그래픽전문가+MD+VMD+공간 디자이너+그래픽디자이너+도예디자이너+도예연구사+도예지도교사+도자공방자영+도자기공예기능사+문화기획자+세라믹기술자+소품디자이너+인테리어디자이너+인테리어코디네이터+전시기획자+제품디자이너+제품생산관련관리자+조명디자이너+주얼리디자이너+주얼리코디네이터+창업+캐릭터디자이너+큐레이터+키친디자이너+팬시상품디자이너,2023-02-22,2023-12-27,B340014,한국대학교육협의회
2023,44,충청남도,130,천안시,상명대학교,대학교,4년,학사,주간,기존,소프트웨어학과,U04080200017,D15089,공학,공과대학,일반과정,컴퓨터프로그래밍실습(PBL)+데이터구조실습(PBL)+알고리즘실습(PBL)+소프트웨어프로젝트I(PBL)+컴퓨터그래픽스(PBL)+소프트웨어공학(PBL)+소프트웨어프로젝트II(PBL)+컴퓨터프로그래밍Ⅱ(PBL)+웹프로그래밍+소프트웨어특강+지능형소프트웨어+데이터구조(PBL)+오픈소스리눅스프로그래밍(PBL)+알고리즘(PBL)+컴퓨터프로그래밍Ⅰ(PBL)+소프트웨어개론(SW)+확률통계(Flip)+이산수학+컴퓨터구조+소프트웨어캡스톤디자인Ⅱ+객체지향프로그래밍+데이터베이스+임베디드loT프로그래밍+모바일프로그래밍+빅데이터개론(PBL)+인간-컴퓨터 상호작용+운영체제(PBL)+네트워크+시스템프로그래밍(PBL)+소프트웨어캡스톤디자인Ⅰ+정보보호+웹서버프로그래밍(PBL)+영상처리(PBL)+프로그래밍트레이닝(PBL),47,45,네트워크관리자+네트워크시스템분석가 및 개발자+네트워크프로그래머+데이터베이스개발자+데이터베이스관리자+데이터분석전문가+모바일앱개발자+모바일콘텐츠개발자+변리사+소프트웨어테스팅전문가+스마트폰앱개발자+시스템소프트웨어개발자+시스템운영관리자+웹프로그래머+응용소프트웨어개발자+이공학계열교수+정보보호전문가+컴퓨터공학기술자+컴퓨터프로그래머,2023-02-22,2023-12-27,B340014,한국대학교육협의회
2023,44,충청남도,130,천안시,상명대학교,대학교,4년,학사,주간,기존,스마트정보통신공학과,U04080300541,D15091,공학,공과대학,일반과정,데이터분석+지능비전시스템+C프로그래밍(PBL)+IT Engineering프로젝트+미적분학+컴퓨터구조+정보통신기술세미나+객체지향프로그래밍(PBL)+프로그래밍프로젝트+공업수학+OOP프로그래밍설계+신호및시스템+정보통신응용SW프로젝트+통신시스템설계+캡스톤디자인(스마트정보통신공학)+웹프레임워크설계+데이터베이스+머신러닝+네트워크설계+무선통신시스템+창의종합설계(스마트정보통신공학)+반도체공학및공정+창의전공설계(스마트정보통신공학)+스마트모바일프로그램설계(PBL)+자료구조설계(SW)+전기회로및설계+GUI프로그래밍(PBL)+웹프로그래밍+알고리즘+전자회로및설계+서버프로그래밍+지능형시스템개론+네트워크보안,75,49,LED연구 및 개발자+RFID시스템개발자+가상현실전문가+게임기획자+게임프로그래머+디지털영상처리전문가+모바일콘텐츠개발자+반도체공학기술자+반도체장비기술자+변리사+스마트폰앱개발자+시스템소프트웨어개발자+시스템엔지니어+시스템컨설턴트+영상녹화 및 편집기사+웹마스터+웹프로그래머+음성처리전문가+응용소프트웨어개발자+의료장비기술영업원+전기 및 전자설비조작원+전기공학기술자+전자계측제어기술자+전자제품개발기술자+전자통신장비기술영업원+정보보호전문가+컴퓨터공학기술자+컴퓨터프로그래머+태양광발전연구 및 개발자+통신 및 관련 장비설치 및 수리원+통신공학기술자,2023-02-22,2023-12-27,B340014,한국대학교육협의회
2023,44,충청남도,130,천안시,상명대학교,대학교,4년,학사,주간,기존,스페이스디자인전공,U07010500424,C13125,예체능,디자인대학,일반과정,제도와표현기법+Living스페이스디자인(PBL)+디지털드로잉+기초실내디자인+스페이스디자인스튜디오Ⅲ(캡스톤디자인)+Shop스페이스디자인(PBL)+재료와색채디자인+버추얼스페이스디자인Ⅰ+가구와인간공학+한국전통공간이야기+실내공간만들기+버추얼스페이스디자인Ⅱ(SW)+실내코디와디스플레이+공간그래픽+가구와환경디자인(캡스톤디자인)+스페이스디자인스튜디오Ⅰ(캡스톤디자인)+스페이스디자인스튜디오Ⅱ(캡스톤디자인)+Work스페이스디자인(PBL)+공간속의빛이야기+실내공간해부학+MR스페이스디자인+Play스페이스디자인(캡스톤디자인)+서양실내건축사,0,0,건축설계기술자+건축시공기술자+공간 디자이너+디스플레이어+디자인강사+인테리어디자이너+인테리어코디네이터+친환경건축가+친환경건축컨설턴트+캐드원,2023-02-22,2023-12-27,B340014,한국대학교육협의회
2023,44,충청남도,130,천안시,상명대학교,대학교,4년,학사,주간,기존,스포츠경영전공,U07030200252,C99999,예체능,융합기술대학,일반과정,스포츠투어리즘+스포츠산업공학론+웨이트트레이닝기초+하계스포츠+스포츠이벤트기획론+배드민턴+스포츠와사회환경+스포츠생리학실습+전공실기+스포츠프로그래밍+야영과리더십+스포츠헬스케어디바이스실습+테니스+스포츠와안전+요가+운동학습+웨이트트레이닝응용+여가경영+스포츠멘탈헬스케어+스포츠ICT+스포츠산업통계및실습+스포츠마케팅론+스포츠광고및홍보론+골프매니지먼트+스포츠정책론(PBL)+스포츠융합창업+스포츠융합디자인의이해(PBL)+어드밴스드스위밍+스포츠비지니스실무+액티브에이징스포츠연구+필라테스+스포츠경기분석학+스포츠클리닉측정+스포츠소비자행동론+스포츠문화의이해+스포츠파이낸싱(PBL),0,47,각종스포츠지도자+건강관리사 및 운동처방사+경기기록원+레크리에이션강사+리조트직원+생활체육지도자+스포츠강사+스포츠과학연구원+스포츠마케터+스포츠에이전트+여가카운슬러+체육용품회사+체육유관기관직원+체육행정직공무원+퍼스널트레이너+프로스포츠선수+프로스포츠팀직원,2023-02-22,2023-12-27,B340014,한국대학교육협의회
2023,44,충청남도,130,천안시,상명대학교,대학교,4년,학사,주간,기존,스포츠융합학부,U07030200427,C99999,예체능,융합기술대학,일반과정,스포츠운동심리학+구기스포츠+태권도Ⅰ+수영Ⅰ+스포츠이슈+생활체육론,83,0,건강관리사 및 운동처방사+다이어트프로그래머+생활체육지도자+스포츠강사+스포츠과학연구원+스포츠마케터+스포츠에이전트+여가레크리에이션지도자+여가카운슬러+임상병리사+체육용품회사+체육유관기관직원+체육행정직공무원+퍼스널트레이너+프로스포츠팀직원,2023-02-22,2023-12-27,B340014,한국대학교육협의회
2023,44,충청남도,130,천안시,상명대학교,대학교,4년,학사,주간,기존,시스템반도체공학과,U04050200183,D15085,공학,공과대학,일반과정,미적분학프로그래밍+창의전공설계+공학수학프로그래밍+파이썬프로그래밍실습+전공세미나+알고리즘코딩테스트+CPU설계+디바이스모델링+C프로그래밍및프로젝트+C프로그래밍및프로젝트(PBL)+기초회로실험+디지털논리회로+반도체공학+파이썬프로그래밍+ZyncSoC+ASICBackEnd설계+C프로그래밍및자료구조프로젝트(PBL)+RLC회로설계+CMOS트랜지스터(PBL)+Verilog기반디지털시스템설계+ATmega시스템설계+RLC회로실험+전공실무특강+머신러닝기반회로및소자설계+MOSFET회로설계+CMOSIC공정+FPGA프로젝트+MOSFET회로실험+Linux운영체제및시스템프로그래밍+ASICFrontEnd설계+아날로그신호처리+디지털신호처리+디스플레이공학+디지털필터설계+VLSI 설계및실습+필터증폭회로실험+필터증폭회로설계+인공지능기초+컴퓨터구조+디지털영상처리+ARM기반SoC설계+캡스톤디자인(시스템반도체공학)+임베디드시스템설계및실습,52,27,LED연구 및 개발자+RFID시스템개발자+전자통신장비기술영업원+집적회로 설계 엔지니어+컴퓨터공학기술자+컴퓨터프로그래머+통신 및 관련 장비설치 및 수리원+통신공학기술자,2023-02-22,2023-12-27,B340014,한국대학교육협의회
2023,44,충청남도,130,천안시,상명대학교,대학교,4년,학사,주간,기존,식물식품공학과,U05030200208,B06064,자연과학,융합기술대학,일반과정,식품물성학+식품산업과인공지능및실험+식품제품개발론+식품가공공정학및실험+일반화학+일반생물학+식품안전위생학+천연식품학+식물생리학및실험+생화학+식품공학개론+캡스톤디자인+식물조직배양및실험+저장유통생리학및실험+식품화학(I)및실험+식품품질관리+생명공학+분자생물학+생산시설운영+식품미생물학및실험(PBL)+웰빙식품영양학+저장유통공학및실험+산업기술및세미나+식품포장학+신선식품+유전육종학+식품화학(Ⅱ),41,38,공무원+농약활성연구원+농업환경생태연구원+바이오산업 및 식품회사+생물학연구원+식품가공관련 기능종사자+식품공학기술자+식품관련 연구원+식품미생물연구원+식품분석연구원+식품영업원+식품유통업+식품조미원+식품학연구원+영양사+외식산업매니저+제과제빵기능사+제분 및 도정관련 기계조작원+조경원(원예사포함)+조리사(양식 한식 중식 일식)+특용작물재배자+한우유통관광과+화훼연구원+환경 및 보건위생검사원,2023-02-22,2023-12-27,B340014,한국대학교육협의회
2023,44,충청남도,130,천안시,상명대학교,대학교,4년,학사,주간,기존,영어권지역학전공,U01010600143,A02017,인문사회,글로벌인문학부대학,일반과정,세계영어의이해+글로벌커뮤니케이션+컨벤션영어+한영AI번역에디팅입문+영상번역입문+비즈니스영어독해+영어토론연습+영상번역과대중문화+영문법+빅데이터와영어+영어권기업문화와콘텐츠마케팅(캡스톤디자인)+영-한통번역입문+영희곡과문화산업+영어학개론+미디어번역실습+북미사회지리투어(PBL)+제2언어습득이론+영어권국가의이해+메타버스와영어발표연습(SW)+비즈니스스피킹+CNN을통한국제시사+셰익스피어와근세정치+SF영화와영미과학기술문명+영어회화1+영어듣기1+영어쓰기1+영어읽기1+영어발음연습+영문학과사회+영어회화2+영어읽기2+영미역사의이해+영어권감성경제의이해+현대영어권사회와문화(PBL)+영어쓰기2+커뮤니티통역Ⅰ+영어이야기+영문화권소설+영어듣기2+영어어원연구,0,31,관광통역안내원+기자+번역가+여행안내원+외교관+의료관광코디네이터+인문사회계열교수+저작권에이전트+통역가+해외주재원,2023-02-22,2023-12-27,B340014,한국대학교육협의회
2023,44,충청남도,130,천안시,상명대학교,대학교,4년,학사,주간,기존,예술학부,U07020300059,C99999,예체능,예술대학,일반과정,문화예술교육개론+공연예술제작,0,0,만화가 및 애니메이터+무대디자이너+문화콘텐츠전문가+미디어콘텐츠창작자+사진예술가+연극예술 강사+영화예술강사,2023-02-22,2023-12-27,B340014,한국대학교육협의회
2023,44,충청남도,130,천안시,상명대학교,대학교,4년,학사,주간,기존,예술학부 디지털만화영상전공,U07020200106,C12137,예체능,예술대학,일반과정,문화예술교육현장의이해와실습+캡스톤디자인+CG기초(SW)+만화애니메이션드로잉+만화애니메이션기초+만화애니메이션캐릭터워크샵+포스트프로덕션+포트폴리오+졸업작품Ⅱ+디지털영상기초+만화애니메이션발상+만화애니메이션페인팅+카툰애니메이션스토리연출+만화애니메이션 교육프로그램 개발+스토리텔링워크샵+만화·애니메이션교육론+만화애니메이션그래픽스Ⅰ+실험만화애니메이션워크샵+만화애니메이션테크닉+프로덕션+졸업작품Ⅰ(PBL)+만화·애니메이션교수학습방법+만화애니메이션그래픽스Ⅱ+표현기법워크샵+영상게임컨셉아트+콘텐츠기획제작+비쥬얼스토리텔링+만화·애니메이션기획제작및시연+만화·애니메이션교육교재교구개발및활용+스토리제작워크샵+일러스트레이션+3D그래픽스+장르만화+영상게임디자인+캐릭터연출워크샵+만화애니메이션워크샵Ⅰ+만화애니메이션감상과비평,47,0,3D그래픽전문가+VFX전문가+게임그래픽디자이너+게임시나리오작가+광고 및 홍보전문가+광고제작감독(CF감독)+대학강사+동화작가+라이팅 & 맵핑아티스트+만화가 및 애니메이터+모델러+모션그래픽아티스트+문화콘텐츠전문가+북디자이너+스토리보드아티스트+애니메이션 레이아웃아티스트+애니메이션 배경디자이너+애니메이션 캐릭터디자이너+애니메이션기획자+애니메이션원화가+애니메이션프로듀서+애니메이터+영상그래픽디자이너+웹 및 멀티미디어 디자이너+일러스트레이터+저작권에이전트+출판물기획전문가+캐릭터디자이너+콘셉아티스트+팬시 및 완구디자이너+팬시상품디자이너+학원강사,2023-02-22,2023-12-27,B340014,한국대학교육협의회
2023,44,충청남도,130,천안시,상명대학교,대학교,4년,학사,주간,기존,예술학부 디지털콘텐츠전공,U07020300294,C12999,예체능,예술대학,일반과정,2D컴퓨터그래픽스(SW)+3D컴퓨터그래픽스Ⅰ(SW)+3D컴퓨터그래픽스Ⅱ(SW)+디지털콘텐츠기획(PBL)+디지털콘텐츠프로젝트(캡스톤디자인)+3D컴퓨터그래픽스Ⅲ(SW)+경험디자인(PBL)+영상이펙트디자인2+3D애니메이션(PBL)+문화콘텐츠프로젝트(캡스톤디자인)+메타버스디자인(캡스톤디자인)+영상이펙트디자인1+디지털영상촬영과편집+드로잉과해부학+게임그래픽실무(캡스톤디자인)+디지털콘텐츠 포트폴리오(캡스톤디자인)+모션그래픽(SW)+게임디자인+AI와예술+비주얼스토리텔링+뮤직비디오+2D컨셉아트+영상콘텐츠(PBL)+웹모바일콘텐츠(PBL)+에듀테인먼트콘텐츠(PBL)+광고콘텐츠(PBL)+가상증강현실콘텐츠(PBL)+방송영상콘텐츠(캡스톤디자인)+조형과표현기법+스토리보드워크샵+캐릭터콘텐츠디자인,21,0,3D그래픽전문가+VFX전문가+게임PD+게임그래픽디자이너+게임기획자+게임애니메이터+게임운영자+게임일러스트레이터+광고기획자+광고및홍보전문가+동화작가+만화가 및 애니메이터+모바일게임프로그래머+모바일콘텐츠개발자+모션그래픽아티스트+스토리보드아티스트+온라인게임프로그래머+웹 및 멀티미디어 디자이너+일러스트레이터+캐릭터디자이너+팬시상품디자이너,2023-02-22,2023-12-27,B340014,한국대학교육협의회
2023,44,충청남도,130,천안시,상명대학교,대학교,4년,학사,주간,기존,예술학부 무대미술전공,U07050100163,C12999,예체능,예술대학,일반과정,무대미술기초+디지털렌더링+무대미술드로잉+극장과무대미술사+텍스트분석과창의표현+공간과드래프팅+재료와기법+무대의상사+졸업작품연구+무대조명디자인+무대의상디자인+무대디자인+비주얼스토리텔링+졸업전시기획+무대기술+조명디자인과영상+소품제작프로젝트(PBL)+아트앤스페이스+코스튬LAB(PBL)+무대미술창작스튜디오(PBL)+테마무대디자인(PBL)+방송무대디자인(PBL)+방송영화의상(PBL)+창착예술과라이팅+융합프로젝트+코스튬콜라보레이션(PBL)+프러덕션디자인(PBL)+공연제작워크숍(캡스톤디자인),43,54,VMD+공연기획자(행사기획자)+녹화및편집기사+무대 및 세트디자이너+무대디자이너+무대작화가+방송스타일리스트+세트디자이너+아트디렉터(소품·세트)+연극연출가+영상그래픽디자이너+조명감독+조명디자이너,2023-02-22,2023-12-27,B340014,한국대학교육협의회
2023,44,충청남도,130,천안시,상명대학교,대학교,4년,학사,주간,기존,예술학부 문화예술경영전공,U07020300293,C99999,예체능,예술대학,일반과정,아트블록체인+문화예술경영현장실습(PBL)+엔터테인먼트경영+문화예술기획(PBL)+문화예술경영학개론+문화예술교육론+공연예술이론과역사+시각예술이론과역사+한류문화산업+창조도시와문화재생+공연예술경영론+시각예술경영론+지역사회와축제경영+박물관미술관경영+문화예술재원조성+공연기획실습1+공연장경영+문화콘텐츠경영+전시기획실습1+문화예술비영리단체경영+전시기획실습2+1인미디어기획및제작+문화예술정책론+문화전략+문화예술기획(캡스톤디자인)+문화법+문화예술조사방법론+공연기획실습2,23,34,경영컨설턴트+공연기획자(행사기획자)+교육행정사무원+놀이치료사+마케팅 및 여론조사전문가+무용기획가+문화센터강사+문화재보존가+문화재보존원+문화콘텐츠전문가+미술가+미술관장+미술교사+미술치료사+박물관장+방과후교사+방송연출가+연극연출가+음악교사+음악치료사+일반공무원+저작권에이전트+체육교사+큐레이터+특수교사+학예사,2023-02-22,2023-12-27,B340014,한국대학교육협의회
2023,44,충청남도,130,천안시,상명대학교,대학교,4년,학사,주간,기존,예술학부 사진영상미디어전공,U07020200105,C12135,예체능,예술대학,일반과정,영상크리에이터Ⅰ+ARVR콘텐츠+뉴트로포토그래피(PBL)+1인미디어기획및제작+사진촬영Ⅰ+창의적사고와행위+영상크리에이터Ⅱ+사진의역사+조명실기(PBL)+중급디지털사진(PBL)+영상미디어실기Ⅰ(PBL)+다큐멘터리사진(PBL)+영상미디어실기Ⅱ(PBL)+피플포츄레이트 사진(PBL)+드론촬영실기+패션사진(PBL)+예술사진Ⅰ(PBL)+포토저널리즘(PBL)+광고사진Ⅰ(PBL)+작품사진실기Ⅰ(캡스톤)+커리어매니지먼트(PBL)+현대사진미학+예술사진Ⅱ(PBL)+아날로그디지털컬러프린팅Ⅰ+사진촬영Ⅱ+아날로그디지털컬러프린팅Ⅱ+작품사진실기Ⅱ(PBL)+사진과글+사진교육론+뉴미디어+사진교수학습방법(유아초등중등일반)+사진교수학습프로그램개발+비주얼저널리즘(PBL)+광고사진Ⅱ(PBL)+고급디지털사진(PBL),31,0,뮤직코디네이터+방송기자+사진예술가+사진작가+스튜디오운영+신문기자+아티스트+촬영감독+촬영기자+패션및광고사진가+편집디자이너,2023-02-22,2023-12-27,B340014,한국대학교육협의회
2023,44,충청남도,130,천안시,상명대학교,대학교,4년,학사,주간,기존,예술학부 연극전공,U07050100174,C11121,예체능,예술대학,일반과정,화술Ⅰ+배우훈련Ⅰ+화술Ⅱ+배우훈련Ⅱ+현장연계프로젝트(캡스톤디자인)+오디션테크닉+연기이론과실제+공연제작실습Ⅲ(PBL)+연극교육프로그램개발+서양연극사Ⅰ+기초연극워크숍Ⅰ+기초연극워크숍Ⅱ+서양연극사Ⅱ+연기Ⅰ+연출Ⅰ+한국연극사+장면창작실습(PBL)+현대및동시대연극+희곡분석+연기Ⅱ+연출Ⅱ+단막극제작실습+뮤지컬워크숍Ⅰ+연극영화교과교육론+공연제작실습Ⅰ(PBL)+극작Ⅰ+뮤지컬워크숍2+연극영화교과교재및연구법+공연제작실습Ⅱ(PBL)+극작Ⅱ,24,23,가수+개그맨 및 코미디언+공연기획자(행사기획자)+공연제작관리자+광고및홍보전문가+광고스타일리스트+광고제작감독(CF감독)+교수+교육학연구원+교육행정사무원+교재 및 교구개발자+기술감독+기업체 홍보요원+기자+녹음기사+레크리에이션진행자+리포터+모델+방과후교사+방송연출가(프로듀서)+방송평론가+분장사+사회교사+사회복지사+상담전문가(심리상담사)+성우+쇼핑호스트+시나리오 작가+아나운서+연극연출가+연극예술 강사+연극평론가+연예인매니저+연예프로그램진행자+영화기획자+영화배우+영화예술강사+영화제작자+영화평론가+웨딩플래너+음성처리전문가+음악감독+음향감독+일반공무원+작가+조명감독+조명디자이너+직업상담 및 취업알선원+직업상담사+체형관리사+촬영감독+출판물기획전문가+취업알선원+취업지원관+탤런트+파티플래너+편집감독+학습지 및 방문교사+학예사(큐레이터)+홍보전문가,2023-02-22,2023-12-27,B340014,한국대학교육협의회
2023,44,충청남도,130,천안시,상명대학교,대학교,4년,학사,주간,기존,예술학부 영화영상전공,U07050100173,C11122,예체능,예술대학,일반과정,디지털콘텐츠창작+영화교육프로그램개발+초중등영화교수학습방법+영화교과교육론+영화제작Ⅰ(캡스톤디자인)+영화기술+편집및음향입문+매체연기입문+영화리터러시의이해+디지털영상기초+캐릭터연기+영화편집(SW)+졸업작품제작Ⅱ(캡스톤디자인)+시나리오창작+매체연기실습Ⅰ+현장오디션실습+세계영화사Ⅱ+영화촬영+영화연출+영화감독연구+사운드디자인(SW)+매체연기실습Ⅱ+졸업작품제작Ⅰ(캡스톤디자인)+영화기획및마케팅+한국영화와사회+장면연기실습+연기공연실습Ⅱ(캡스톤디자인)+영화문화연구+1인미디어기획및제작+영상미학의이해+세계영화사Ⅰ+영화장르연구+연기공연실습Ⅰ(PBL)+ARVR콘텐츠+한국영화분석+영화제작Ⅱ(캡스톤디자인),31,39,CG전문가+공연기획자(행사기획자)+광고제작감독(CF감독)+교수+기업체 홍보요원+녹음기사+모션그래픽아티스트+방송연출가(프로듀서)+방송작가+비디오자키(VJ)+시나리오 작가+영화기획자+영화배우+영화예술강사+영화평론가+예능계강사+음악감독+음향감독+조명감독+촬영감독+탤런트+특수분장사+편집감독+홍보전문가,2023-02-22,2023-12-27,B340014,한국대학교육협의회
2023,44,충청남도,130,천안시,상명대학교,대학교,4년,학사,주간,기존,인더스트리얼디자인전공,U07010500280,C13125,예체능,디자인대학,일반과정,리빙프로덕트디자인I+제품디자인프로세스+디자인표현기법+디자인트렌드이슈+리빙프로덕트디자인 II+가구디자인+컴퓨터모델링(SW)+디자인워크샵+환경디자인실무론+테크놀러지디자인실무론+네트워크디자인세미나(캡스톤디자인)+LivingLife DesignⅡ(캡스톤디자인)+어드밴스드프로덕트디자인I+생활환경디자인+네트워크디자인+테크놀러지디자인+환경디자인플래닝+Living  Life Design Ⅰ+디지털디자인프로젝트(SW)+인터페이스디자인(PBL)+어드밴스드프로덕트디자인II+UX디자인(캡스톤디자인)+포트폴리오매니지먼트(SW)+문화환경디자인(캡스톤디자인),0,0,가구디자이너+가방디자이너+게임그래픽디자이너+광고 및 홍보전문가+광고기획자+광고디자이너+디스플레이어+디자인강사+무대 및 세트디자이너+무대디자이너+미술관장+세트디자이너+시각디자이너+신발디자이너+영상그래픽디자이너+인테리어디자이너+일러스트레이터+자동차디자이너+제품디자이너+조명디자이너+주얼리디자이너+캐릭터디자이너+컬러리스트+팬시 및 완구디자이너+홍보전문가+휴대폰디자이너,2023-02-22,2023-12-27,B340014,한국대학교육협의회
2023,44,충청남도,130,천안시,상명대학교,대학교,4년,학사,주간,기존,일본어권지역학전공,U01010300072,A02017,인문사회,글로벌인문학부대학,일반과정,스타트일본어+실력일본어1+일본의감성과사상+실력일본어2+트렌드일본어어휘+레벨업일본어+문화일본어+근대일본의문학과문화+일본애니메이션과문화산업+영화로일본읽기+일본경영인탐구+통번역일본어+생활일본어회화+현대일본의사회와문화+실용일본어회화+시사이슈일본어+한일관계사+일본대중문화+일본의언어생활과표현+한일비교문화+일본어프리토킹+국제사회와일본정치+일본문학과전통예술(PBL)+비즈니스일본어,0,22,관광통역안내원+번역가+비행기승무원+여행안내원+외교관+외국어교사+통역가+해외주재원,2023-02-22,2023-12-27,B340014,한국대학교육협의회
2023,44,충청남도,130,천안시,상명대학교,대학교,4년,학사,주간,기존,전자공학과,U04050200028,D15085,공학,공과대학,일반과정,캡스톤디자인II+기초회로망실험+반도체집적회로설계+인공지능프로그래밍+응용전자회로실험+회로망론Ⅰ+컴퓨터프로그래밍Ⅰ(SW)+회로망론II+컴퓨터프로그래밍II+전자공학세미나+아날로그회로설계+디지털공학(PBL)+VerilogHDL과디지털시스템설계+IoT시스템설계+임베디드리눅스+통신공학+캡스톤디자인I+디지털영상처리설계+반도체물성및소자+반도체재료및공정+공학수학Ⅰ+공학수학Ⅱ+자료구조+전자기학+매트랩프로그래밍+신호와시스템+전자회로Ⅰ+컴퓨터구조+전자회로Ⅱ+마이크로프로세서+임베디드시스템설계+자동제어(PBL)+컴퓨터비전,47,32,기계공학기술자+로봇공학기술자+메카트로닉스공학기술자+반도체장비기술자+소자 및 제조공정 개발 엔지니어+엔진기계공학기술자+전자통신장비기술영업원+집적회로 설계 엔지니어+통신공학기술자,2023-02-22,2023-12-27,B340014,한국대학교육협의회
2023,44,충청남도,130,천안시,상명대학교,대학교,4년,학사,주간,기존,정보보안공학과,U02030500066,D15091,공학,공과대학,일반과정,C프로그래밍(PBL)+객체지향프로그래밍(PBL)+AR/VR공간정보실습+IoT빅데이터분석실습+대학기초수학+프로그래밍프로젝트(PBL)+정보보호관리평가+통신네트워크+캡스톤디자인2(정보보안공학)+캡스톤디자인1(정보보안공학)+정보공학개론+파이썬프로그래밍+전기전자공학+정보보안론+디지털포렌식+논리회로+보안알고리즘+리눅스관리+자료구조(PBL)+전기전자공학실험(PBL)+웹프로그래밍+디지털공학+리눅스보안실습+시스템프로그래밍+컴퓨터아키텍처+보안칩설계+지능형임베디드시스템(SW)+모바일프로그래밍(PBL)+마이크로프로세서(PBL)+인터넷응용보안+사이버보안관제실습+머신러닝과정보보호+데이터베이스실습+시스템보안+악성코드분석+HDL설계+운영체제+네트워크보안(PBL),47,40,KTX정비원+LED연구 및 개발자+RFID시스템개발자+가상현실전문가+게임기획자+게임프로그래머+경찰관+경호원+공무원+군무원+기계공학시험원+네트워크프로그래머+대체에너지개발연구원+데이터베이스개발자+디지털영상처리전문가+모바일콘텐츠개발자+반도체공학기술자+반도체장비기술자+발전설비기술자+발전장치조작원+변리사+병무행정사무원+부사관+산업공학기술자+송배전설비기술자+스마트폰앱개발자+시스템소프트웨어개발자+시스템엔지니어+시스템운영관리자+시스템컨설턴트+영상 및 관련 장비설치 및 수리원+영상녹화 및 편집기사+웹마스터+웹엔지니어+웹프로그래머+웹프로듀서+의료장비기사+의료장비기술영업원+이공학계열교수+전기 및 전자설비조작원+전기감리기술자+전기계측제어기술자+전기공학기술자+전기안전기술자+전기제품개발기술자+전자상거래전문가+전자제품개발기술자+전자통신장비기술영업원+정보보호전문가+정보시스템운영자+정보통신컨설턴트+조명기사+지열시스템연구 및 개발자+철도 및 지하철기관사+컴퓨터공학기술자+컴퓨터시스템감리전문가+컴퓨터시스템분석가+컴퓨터,2023-02-22,2023-12-27,B340014,한국대학교육협의회
2023,44,충청남도,130,천안시,상명대학교,대학교,4년,학사,주간,기존,중국어권지역학전공,U01010400091,A02017,인문사회,글로벌인문학부대학,일반과정,전공중국어기초+시사미디어중국어+중국정치인물과중국어+중국영화와문화+비즈니스중국어+중국지역문화의이해(캡스톤디자인)+중국사상과중국어+중국의기업문화+중국어회화4+중국어1+중국어회화1+중국의어제와오늘+중국문학의이해+동아시아수도의역사와문화+중국어2+중국어회화2+중국예술과문화콘텐츠(PBL)+현대중국의사회와문화+한중문화비교+통번역중국어+중국어3+중국어회화3+중국어4,0,36,관광통역안내원+무역사무원+번역가+비행기승무원+여행안내원+외교관+외국어교사+저작권에이전트+통역가+해외주재원+호텔관리자,2023-02-22,2023-12-27,B340014,한국대학교육협의회
2023,44,충청남도,130,천안시,상명대학교,대학교,4년,학사,주간,기존,지능형로봇학과,U04110100091,D19079,공학,공과대학,일반과정,C프로그래밍및프로젝트+창의전공설계+논리회로설계+가상현실기초프로그래밍+파이썬프로그래밍+로봇공학개론+AR VR디자인프로그래밍Ⅰ+로봇제어프로젝트+로봇기구학및설계(PBL)+신호및시스템(휴먼지능로봇)+로봇운영체제+AR VR디자인프로그래밍Ⅱ+로봇비전(PBL)+전자회로(휴먼지능로봇)+제어공학및설계(PBL)+선형대수학+인공지능(PBL)+AI로봇시대의문화예술경영+스포츠문화와AI로봇기술융합의이해+머신러닝의이해+창의기초설계(IC-PBL)+스포츠문화와AI로봇비즈니스+문화예술과AI로봇융합론+지능형로봇실습+인공지능프로그래밍(PBL)+마이크로프로세서+로봇역학의이해+C프로그래밍(PBL)+인간컴퓨터상호작용+이동통신공학+멀티미디어시스템설계+컴퓨터네트워크+정보통신응용실험2+인공지능응용+고급딥러닝+데이터마이닝+웹보안실습+운영체제론+전기자동차공학+스마트모빌리티+PLC응용+응용로봇공학설계+실시간시스템및실습+신뢰성공학+로봇용접공학+로봇설계+로봇명사와의만남+자료구조설계(휴먼지능로봇)+지능형로봇의이해+생활속로봇디자인+공압제어+,0,0,로봇공학기술자+로봇연구원+로봇하드웨어설계기술자+자동조립라인 및 산업용로봇조작원,2023-02-22,2023-12-27,B340014,한국대학교육협의회
2023,44,충청남도,130,천안시,상명대학교,대학교,4년,학사,주간,기존,커뮤니케이션디자인전공,U07010500195,C13125,예체능,디자인대학,일반과정,졸업연구프로젝트II+커뮤니케이션디자인워크숍Ⅱ+커뮤니케이션디자인스튜디오Ⅱ+커뮤니케이션디자인기초+비디오그래피+일러스트레이션기초Ⅰ+타이포그래피기초+커뮤니케이션디자인+일러스트레이션기초Ⅱ+2D모션그래픽스+타이포그래피+사용자중심디자인(캡스톤디자인)+일러스트레이션I+브랜드디자인+패키지디자인기초+디자인플래닝+졸업연구프로젝트I+커뮤니케이션디자인워크숍Ⅰ+커뮤니케이션디자인스튜디오Ⅰ+아시아문화콘텐츠기획및제작실습(캡스톤디+정보인터랙션디자인+일러스트레이션II+패키지디자인+브랜드경험디자인(PBL)+소셜이노베이션디자인(캡스톤디자인),0,0,게임그래픽디자이너+게임기획자+게임일러스트레이터+게임컨셉아트디렉터+광고기획자+광고디자이너+광고및홍보전문가+마케팅 및 여론조사전문가+만화가 및 애니메이터+모바일콘텐츠개발자+문화기획자+문화콘텐츠전문가+미술강사+미술교사+북디자이너+시각디자이너+웹디자이너+웹프로듀서+일러스트레이터+출판물편집자+캐릭터디자이너+컨셉디자이너+편집디자이너+포장디자이너,2023-02-22,2023-12-27,B340014,한국대학교육협의회
2023,44,충청남도,130,천안시,상명대학교,대학교,4년,학사,주간,기존,텍스타일디자인전공,U07010500115,C13125,예체능,디자인대학,일반과정,섬유소재실험+직물디자인과컨셉+디지털프린팅+패브릭응용디자인+염색기초스튜디오랩+프린트직물디자인Ⅱ+미래염색스튜디오Ⅱ(캡스톤디자인)+직물융합프로젝트Ⅱ(캡스톤디자인) +직물분석+타이다이염색스튜디오+텍스타일CAD(PBL)+직물디자인과브랜드전략(PBL)+디지털패턴프린팅+직물산업리서치(캡스톤디자인)+소재기획(PBL)+직물디자인기획Ⅰ(캡스톤디자인)+서피스디자인스튜디오Ⅰ(캡스톤디자인)+자카드디자인(캡스톤디자인)+프린트직물디자인Ⅰ+미래염색스튜디오Ⅰ+직물융합프로젝트Ⅰ(캡스톤디자인)+텍스타일프로덕트디자인(캡스톤디자인)+직물사+직물디자인기획Ⅱ(캡스톤디자인)+서피스디자인스튜디오Ⅱ(캡스톤디자인),0,43,가구디자이너+가방디자이너+디스플레이어+디자인강사+무대 및 세트디자이너+무대디자이너+미술강사+속옷디자이너+신발디자이너+인테리어디자이너+일러스트레이터+제품디자이너+컬러리스트+패션코디네이터+포장디자이너+한지공예가,2023-02-22,2023-12-27,B340014,한국대학교육협의회
2023,44,충청남도,130,천안시,상명대학교,대학교,4년,학사,주간,기존,패션디자인전공,U07010400010,C13125,예체능,디자인대학,일반과정,기초의상디자인+컬렉션스튜디오Ⅱ(캡스톤디자인)+패턴메이킹Ⅰ+패션일러스트레이션+서양복식사현대의상사+기초드레이핑+기초CAD(SW)+스마트스튜디오+패션CAD+패턴메이킹Ⅱ+패션드레이핑+디자인컨셉트랜드(PBL)+패션소재기획+패턴CAD(SW)+패션마케팅+컬렉션스튜디오Ⅰ(캡스톤디자인)+트렌드패턴+창작드레이핑(PBL)+패션워크샵Ⅰ(캡스톤디자인)+패션비지니스창업설계+디지털패션디자인(PBL)+한국의상+특수의상디자인(캡스톤디자인)+특수의복구성(PBL)+패션머천다이징리테일링+패션워크샵Ⅱ(캡스톤디자인),0,21,MD+가방디자이너+광고디자이너+광고스타일리스트+디스플레이어+디자인강사+모델+생산MD+샵마스터+소재MD+속옷디자이너+스타일리스트+신발디자이너+연구원+염색기능사+의상패션디자이너+일러스트레이터+주얼리디자이너+직물디자이너(텍스타일디자이너)+컬러리스트+패션디자이너+패션및광고사진가+패션쇼스타일리스트+패션코디네이터+패턴CAD+패턴사,2023-02-22,2023-12-27,B340014,한국대학교육협의회
2023,44,충청남도,130,천안시,상명대학교,대학교,4년,학사,주간,기존,프랑스어권지역학전공,U01011000031,A02017,인문사회,글로벌인문학부대학,일반과정,프랑스어첫걸음+프랑스어쓰기연습+프랑스어권사회와문화+프랑스어텍스트읽기+생활프랑스어+미디어프랑스어+프랑스어권과국제사회의교류협력+프랑스어1+프랑스어회화1+프랑스문학예술감상+현대프랑스의사회와문화+프랑스와유럽문명+오늘날의프랑스+프랑스어2+프랑스어회화2+DELF프랑스어1+프랑스어회화3+프랑스예술과대중문화+프랑스와유럽의관광문화산업+DELF프랑스어2+프랑스어3+프랑스문화산업+프랑스어권경제와기업문화론+DELF프랑스어3+프랑스어4+한국프랑스문화교류와문화기획(캡스톤디자,0,11,관광통역안내원+기자+문화기획자+번역가+여행안내원+외교관+의료관광코디네이터+인문사회계열교수+저작권에이전트+출판물기획전문가+통역가+해외주재원,2023-02-22,2023-12-27,B340014,한국대학교육협의회
2023,44,충청남도,130,천안시,상명대학교,대학교,4년,학사,주간,기존,휴먼지능로봇공학과,U04050300061,D15086,공학,공과대학,일반과정,미적분학+객체지향프로그래밍(PBL)+공업수학+C프로그래밍(PBL)+AI응용설계+기초전기전자공학+계산과학이론및실습(PBL)+논리회로설계+선형대수학+영상처리개론+로봇공학개론+ASICBackEnd설계+로봇제어프로젝트+회로이론+로봇기구학및설계(PBL)+머신러닝의이해+신호및시스템(휴먼지능로봇)+창의기초설계(IC-PBL)+기초역학+AI로봇디자인+지능형로봇실습+창의전공설계(휴먼지능로봇)+로봇비전(PBL)+전자회로(휴먼지능로봇)+마이크로프로세서+헬스케어재활로봇+로봇역학의이해+기초제어프로그래밍(SW)+자료구조설계(휴먼지능로봇)+인공지능(PBL)+전공세미나+캡스톤디자인Ⅱ(휴먼지능로봇)+인공지능프로젝트+휴먼-로봇인터페이스공학+캡스톤디자인Ⅰ(휴먼지능로봇)+ASICFrontEnd설계+제어공학및설계(PBL)+로봇운영체제+인공지능프로그래밍(PBL),52,40,MIS전문가+UI 디자이너+네트워크관리자+모터 및 모터 드라이브 설계 및 제조자+사무용기계공학기술자+시스템엔지니어+시스템운영관리자+영상 및 관련 장비설치 및 수리원+이공학계열교수+인공위성개발원+자동조립라인 및 산업용로봇조작원+자동차공학기술자+자동화 시스템 설계 및 제조자+전기계측제어기술자+전기공학기술자+전자계측제어기술자+전자공학기술자+전자의료기기개발기술자+전자제품개발기술자+조선해양공학분야공학기술자+컴퓨터공학기술자+컴퓨터시스템분석가+컴퓨터시스템설계 및 분석가+컴퓨터프로그래머,2023-02-22,2023-12-27,B340014,한국대학교육협의회
,,,,,,,,,,,,,,,,,,,,,,,,
,,,,,,,,,,,,,,,,,,,,,,,,
,,,,,,,,,,,,,,,,,,,,,,,,
,,,,,,,,,,,,,,,,,,,,,,,,
,,,,,,,,,,,,,,,,,,,,,,,,
,,,,,,,,,,,,,,,,,,,,,,,,
,,,,,,,,,,,,,,,,,,,,,,,,
,,,,,,,,,,,,,,,,,,,,,,,,
,,,,,,,,,,,,,,,,,,,,,,,,
,,,,,,,,,,,,,,,,,,,,,,,,
,,,,,,,,,,,,,,,,,,,,,,,,
,,,,,,,,,,,,,,,,,,,,,,,,
,,,,,,,,,,,,,,,,,,,,,,,,
,,,,,,,,,,,,,,,,,,,,,,,,
,,,,,,,,,,,,,,,,,,,,,,,,
,,,,,,,,,,,,,,,,,,,,,,,,
,,,,,,,,,,,,,,,,,,,,,,,,
,,,,,,,,,,,,,,,,,,,,,,,,
,,,,,,,,,,,,,,,,,,,,,,,,
,,,,,,,,,,,,,,,,,,,,,,,,
,,,,,,,,,,,,,,,,,,,,,,,,
,,,,,,,,,,,,,,,,,,,,,,,,
,,,,,,,,,,,,,,,,,,,,,,,,
,,,,,,,,,,,,,,,,,,,,,,,,
,,,,,,,,,,,,,,,,,,,,,,,,
,,,,,,,,,,,,,,,,,,,,,,,,
,,,,,,,,,,,,,,,,,,,,,,,,
,,,,,,,,,,,,,,,,,,,,,,,,
,,,,,,,,,,,,,,,,,,,,,,,,
,,,,,,,,,,,,,,,,,,,,,,,,
,,,,,,,,,,,,,,,,,,,,,,,,
,,,,,,,,,,,,,,,,,,,,,,,,
,,,,,,,,,,,,,,,,,,,,,,,,
,,,,,,,,,,,,,,,,,,,,,,,,
,,,,,,,,,,,,,,,,,,,,,,,,
,,,,,,,,,,,,,,,,,,,,,,,,
,,,,,,,,,,,,,,,,,,,,,,,,
,,,,,,,,,,,,,,,,,,,,,,,,
,,,,,,,,,,,,,,,,,,,,,,,,
,,,,,,,,,,,,,,,,,,,,,,,,
,,,,,,,,,,,,,,,,,,,,,,,,
,,,,,,,,,,,,,,,,,,,,,,,,
,,,,,,,,,,,,,,,,,,,,,,,,
,,,,,,,,,,,,,,,,,,,,,,,,
,,,,,,,,,,,,,,,,,,,,,,,,
,,,,,,,,,,,,,,,,,,,,,,,,
,,,,,,,,,,,,,,,,,,,,,,,,
,,,,,,,,,,,,,,,,,,,,,,,,
,,,,,,,,,,,,,,,,,,,,,,,,
,,,,,,,,,,,,,,,,,,,,,,,,
,,,,,,,,,,,,,,,,,,,,,,,,
,,,,,,,,,,,,,,,,,,,,,,,,
,,,,,,,,,,,,,,,,,,,,,,,,
,,,,,,,,,,,,,,,,,,,,,,,,
,,,,,,,,,,,,,,,,,,,,,,,,
,,,,,,,,,,,,,,,,,,,,,,,,
,,,,,,,,,,,,,,,,,,,,,,,,
,,,,,,,,,,,,,,,,,,,,,,,,
,,,,,,,,,,,,,,,,,,,,,,,,
,,,,,,,,,,,,,,,,,,,,,,,,
,,,,,,,,,,,,,,,,,,,,,,,,
,,,,,,,,,,,,,,,,,,,,,,,,
,,,,,,,,,,,,,,,,,,,,,,,,
,,,,,,,,,,,,,,,,,,,,,,,,
,,,,,,,,,,,,,,,,,,,,,,,,
,,,,,,,,,,,,,,,,,,,,,,,,
,,,,,,,,,,,,,,,,,,,,,,,,
,,,,,,,,,,,,,,,,,,,,,,,,
,,,,,,,,,,,,,,,,,,,,,,,,
,,,,,,,,,,,,,,,,,,,,,,,,
,,,,,,,,,,,,,,,,,,,,,,,,
,,,,,,,,,,,,,,,,,,,,,,,,
,,,,,,,,,,,,,,,,,,,,,,,,
,,,,,,,,,,,,,,,,,,,,,,,,
,,,,,,,,,,,,,,,,,,,,,,,,
,,,,,,,,,,,,,,,,,,,,,,,,
,,,,,,,,,,,,,,,,,,,,,,,,
,,,,,,,,,,,,,,,,,,,,,,,,
,,,,,,,,,,,,,,,,,,,,,,,,
,,,,,,,,,,,,,,,,,,,,,,,,
,,,,,,,,,,,,,,,,,,,,,,,,
,,,,,,,,,,,,,,,,,,,,,,,,
,,,,,,,,,,,,,,,,,,,,,,,,
,,,,,,,,,,,,,,,,,,,,,,,,
,,,,,,,,,,,,,,,,,,,,,,,,
,,,,,,,,,,,,,,,,,,,,,,,,
,,,,,,,,,,,,,,,,,,,,,,,,
,,,,,,,,,,,,,,,,,,,,,,,,
,,,,,,,,,,,,,,,,,,,,,,,,
,,,,,,,,,,,,,,,,,,,,,,,,
,,,,,,,,,,,,,,,,,,,,,,,,
,,,,,,,,,,,,,,,,,,,,,,,,
,,,,,,,,,,,,,,,,,,,,,,,,
,,,,,,,,,,,,,,,,,,,,,,,,
,,,,,,,,,,,,,,,,,,,,,,,,
,,,,,,,,,,,,,,,,,,,,,,,,
,,,,,,,,,,,,,,,,,,,,,,,,
,,,,,,,,,,,,,,,,,,,,,,,,
,,,,,,,,,,,,,,,,,,,,,,,,
,,,,,,,,,,,,,,,,,,,,,,,,
,,,,,,,,,,,,,,,,,,,,,,,,
,,,,,,,,,,,,,,,,,,,,,,,,
,,,,,,,,,,,,,,,,,,,,,,,,
,,,,,,,,,,,,,,,,,,,,,,,,
,,,,,,,,,,,,,,,,,,,,,,,,
,,,,,,,,,,,,,,,,,,,,,,,,
,,,,,,,,,,,,,,,,,,,,,,,,
,,,,,,,,,,,,,,,,,,,,,,,,
,,,,,,,,,,,,,,,,,,,,,,,,
,,,,,,,,,,,,,,,,,,,,,,,,
,,,,,,,,,,,,,,,,,,,,,,,,
,,,,,,,,,,,,,,,,,,,,,,,,
,,,,,,,,,,,,,,,,,,,,,,,,
,,,,,,,,,,,,,,,,,,,,,,,,
,,,,,,,,,,,,,,,,,,,,,,,,
,,,,,,,,,,,,,,,,,,,,,,,,
,,,,,,,,,,,,,,,,,,,,,,,,
,,,,,,,,,,,,,,,,,,,,,,,,
,,,,,,,,,,,,,,,,,,,,,,,,
,,,,,,,,,,,,,,,,,,,,,,,,
,,,,,,,,,,,,,,,,,,,,,,,,
,,,,,,,,,,,,,,,,,,,,,,,,
,,,,,,,,,,,,,,,,,,,,,,,,
,,,,,,,,,,,,,,,,,,,,,,,,
,,,,,,,,,,,,,,,,,,,,,,,,
,,,,,,,,,,,,,,,,,,,,,,,,
,,,,,,,,,,,,,,,,,,,,,,,,
,,,,,,,,,,,,,,,,,,,,,,,,
,,,,,,,,,,,,,,,,,,,,,,,,
,,,,,,,,,,,,,,,,,,,,,,,,
,,,,,,,,,,,,,,,,,,,,,,,,
,,,,,,,,,,,,,,,,,,,,,,,,
,,,,,,,,,,,,,,,,,,,,,,,,
,,,,,,,,,,,,,,,,,,,,,,,,
,,,,,,,,,,,,,,,,,,,,,,,,
,,,,,,,,,,,,,,,,,,,,,,,,
,,,,,,,,,,,,,,,,,,,,,,,,
,,,,,,,,,,,,,,,,,,,,,,,,
,,,,,,,,,,,,,,,,,,,,,,,,
,,,,,,,,,,,,,,,,,,,,,,,,
,,,,,,,,,,,,,,,,,,,,,,,,
,,,,,,,,,,,,,,,,,,,,,,,,
,,,,,,,,,,,,,,,,,,,,,,,,
,,,,,,,,,,,,,,,,,,,,,,,,
,,,,,,,,,,,,,,,,,,,,,,,,
,,,,,,,,,,,,,,,,,,,,,,,,
,,,,,,,,,,,,,,,,,,,,,,,,
,,,,,,,,,,,,,,,,,,,,,,,,
,,,,,,,,,,,,,,,,,,,,,,,,
,,,,,,,,,,,,,,,,,,,,,,,,
,,,,,,,,,,,,,,,,,,,,,,,,
,,,,,,,,,,,,,,,,,,,,,,,,
,,,,,,,,,,,,,,,,,,,,,,,,
,,,,,,,,,,,,,,,,,,,,,,,,
,,,,,,,,,,,,,,,,,,,,,,,,
,,,,,,,,,,,,,,,,,,,,,,,,
,,,,,,,,,,,,,,,,,,,,,,,,
,,,,,,,,,,,,,,,,,,,,,,,,
,,,,,,,,,,,,,,,,,,,,,,,,
,,,,,,,,,,,,,,,,,,,,,,,,
,,,,,,,,,,,,,,,,,,,,,,,,
,,,,,,,,,,,,,,,,,,,,,,,,
,,,,,,,,,,,,,,,,,,,,,,,,
,,,,,,,,,,,,,,,,,,,,,,,,
,,,,,,,,,,,,,,,,,,,,,,,,
,,,,,,,,,,,,,,,,,,,,,,,,
,,,,,,,,,,,,,,,,,,,,,,,,
,,,,,,,,,,,,,,,,,,,,,,,,
,,,,,,,,,,,,,,,,,,,,,,,,
,,,,,,,,,,,,,,,,,,,,,,,,
,,,,,,,,,,,,,,,,,,,,,,,,
,,,,,,,,,,,,,,,,,,,,,,,,
,,,,,,,,,,,,,,,,,,,,,,,,
,,,,,,,,,,,,,,,,,,,,,,,,
,,,,,,,,,,,,,,,,,,,,,,,,
,,,,,,,,,,,,,,,,,,,,,,,,
,,,,,,,,,,,,,,,,,,,,,,,,
,,,,,,,,,,,,,,,,,,,,,,,,
,,,,,,,,,,,,,,,,,,,,,,,,
,,,,,,,,,,,,,,,,,,,,,,,,
,,,,,,,,,,,,,,,,,,,,,,,,
,,,,,,,,,,,,,,,,,,,,,,,,
,,,,,,,,,,,,,,,,,,,,,,,,
,,,,,,,,,,,,,,,,,,,,,,,,
,,,,,,,,,,,,,,,,,,,,,,,,
,,,,,,,,,,,,,,,,,,,,,,,,
,,,,,,,,,,,,,,,,,,,,,,,,
,,,,,,,,,,,,,,,,,,,,,,,,
,,,,,,,,,,,,,,,,,,,,,,,,
,,,,,,,,,,,,,,,,,,,,,,,,
,,,,,,,,,,,,,,,,,,,,,,,,
,,,,,,,,,,,,,,,,,,,,,,,,
,,,,,,,,,,,,,,,,,,,,,,,,
,,,,,,,,,,,,,,,,,,,,,,,,
,,,,,,,,,,,,,,,,,,,,,,,,
,,,,,,,,,,,,,,,,,,,,,,,,
,,,,,,,,,,,,,,,,,,,,,,,,
,,,,,,,,,,,,,,,,,,,,,,,,
,,,,,,,,,,,,,,,,,,,,,,,,
,,,,,,,,,,,,,,,,,,,,,,,,
,,,,,,,,,,,,,,,,,,,,,,,,
,,,,,,,,,,,,,,,,,,,,,,,,
,,,,,,,,,,,,,,,,,,,,,,,,
,,,,,,,,,,,,,,,,,,,,,,,,
,,,,,,,,,,,,,,,,,,,,,,,,
,,,,,,,,,,,,,,,,,,,,,,,,
,,,,,,,,,,,,,,,,,,,,,,,,
,,,,,,,,,,,,,,,,,,,,,,,,
,,,,,,,,,,,,,,,,,,,,,,,,
,,,,,,,,,,,,,,,,,,,,,,,,
,,,,,,,,,,,,,,,,,,,,,,,,
,,,,,,,,,,,,,,,,,,,,,,,,
,,,,,,,,,,,,,,,,,,,,,,,,
,,,,,,,,,,,,,,,,,,,,,,,,
,,,,,,,,,,,,,,,,,,,,,,,,
,,,,,,,,,,,,,,,,,,,,,,,,
,,,,,,,,,,,,,,,,,,,,,,,,
,,,,,,,,,,,,,,,,,,,,,,,,
,,,,,,,,,,,,,,,,,,,,,,,,
,,,,,,,,,,,,,,,,,,,,,,,,
,,,,,,,,,,,,,,,,,,,,,,,,
,,,,,,,,,,,,,,,,,,,,,,,,
,,,,,,,,,,,,,,,,,,,,,,,,
,,,,,,,,,,,,,,,,,,,,,,,,
,,,,,,,,,,,,,,,,,,,,,,,,
,,,,,,,,,,,,,,,,,,,,,,,,
,,,,,,,,,,,,,,,,,,,,,,,,
,,,,,,,,,,,,,,,,,,,,,,,,
,,,,,,,,,,,,,,,,,,,,,,,,
,,,,,,,,,,,,,,,,,,,,,,,,
,,,,,,,,,,,,,,,,,,,,,,,,
,,,,,,,,,,,,,,,,,,,,,,,,
,,,,,,,,,,,,,,,,,,,,,,,,
,,,,,,,,,,,,,,,,,,,,,,,,
,,,,,,,,,,,,,,,,,,,,,,,,
,,,,,,,,,,,,,,,,,,,,,,,,
,,,,,,,,,,,,,,,,,,,,,,,,
,,,,,,,,,,,,,,,,,,,,,,,,
,,,,,,,,,,,,,,,,,,,,,,,,
,,,,,,,,,,,,,,,,,,,,,,,,
,,,,,,,,,,,,,,,,,,,,,,,,
,,,,,,,,,,,,,,,,,,,,,,,,
,,,,,,,,,,,,,,,,,,,,,,,,
,,,,,,,,,,,,,,,,,,,,,,,,
,,,,,,,,,,,,,,,,,,,,,,,,
,,,,,,,,,,,,,,,,,,,,,,,,
,,,,,,,,,,,,,,,,,,,,,,,,
,,,,,,,,,,,,,,,,,,,,,,,,
,,,,,,,,,,,,,,,,,,,,,,,,
,,,,,,,,,,,,,,,,,,,,,,,,
,,,,,,,,,,,,,,,,,,,,,,,,
,,,,,,,,,,,,,,,,,,,,,,,,
,,,,,,,,,,,,,,,,,,,,,,,,
,,,,,,,,,,,,,,,,,,,,,,,,
,,,,,,,,,,,,,,,,,,,,,,,,
,,,,,,,,,,,,,,,,,,,,,,,,
,,,,,,,,,,,,,,,,,,,,,,,,
,,,,,,,,,,,,,,,,,,,,,,,,
,,,,,,,,,,,,,,,,,,,,,,,,
,,,,,,,,,,,,,,,,,,,,,,,,
,,,,,,,,,,,,,,,,,,,,,,,,
,,,,,,,,,,,,,,,,,,,,,,,,
,,,,,,,,,,,,,,,,,,,,,,,,
,,,,,,,,,,,,,,,,,,,,,,,,
,,,,,,,,,,,,,,,,,,,,,,,,
,,,,,,,,,,,,,,,,,,,,,,,,
,,,,,,,,,,,,,,,,,,,,,,,,
,,,,,,,,,,,,,,,,,,,,,,,,
,,,,,,,,,,,,,,,,,,,,,,,,
,,,,,,,,,,,,,,,,,,,,,,,,
,,,,,,,,,,,,,,,,,,,,,,,,
,,,,,,,,,,,,,,,,,,,,,,,,
,,,,,,,,,,,,,,,,,,,,,,,,
,,,,,,,,,,,,,,,,,,,,,,,,
,,,,,,,,,,,,,,,,,,,,,,,,
,,,,,,,,,,,,,,,,,,,,,,,,
,,,,,,,,,,,,,,,,,,,,,,,,
,,,,,,,,,,,,,,,,,,,,,,,,
,,,,,,,,,,,,,,,,,,,,,,,,
,,,,,,,,,,,,,,,,,,,,,,,,
,,,,,,,,,,,,,,,,,,,,,,,,
,,,,,,,,,,,,,,,,,,,,,,,,
,,,,,,,,,,,,,,,,,,,,,,,,
,,,,,,,,,,,,,,,,,,,,,,,,
,,,,,,,,,,,,,,,,,,,,,,,,
,,,,,,,,,,,,,,,,,,,,,,,,
,,,,,,,,,,,,,,,,,,,,,,,,
,,,,,,,,,,,,,,,,,,,,,,,,
,,,,,,,,,,,,,,,,,,,,,,,,
,,,,,,,,,,,,,,,,,,,,,,,,
,,,,,,,,,,,,,,,,,,,,,,,,
,,,,,,,,,,,,,,,,,,,,,,,,
,,,,,,,,,,,,,,,,,,,,,,,,
,,,,,,,,,,,,,,,,,,,,,,,,
,,,,,,,,,,,,,,,,,,,,,,,,
,,,,,,,,,,,,,,,,,,,,,,,,
,,,,,,,,,,,,,,,,,,,,,,,,
,,,,,,,,,,,,,,,,,,,,,,,,
,,,,,,,,,,,,,,,,,,,,,,,,
,,,,,,,,,,,,,,,,,,,,,,,,
,,,,,,,,,,,,,,,,,,,,,,,,
,,,,,,,,,,,,,,,,,,,,,,,,
,,,,,,,,,,,,,,,,,,,,,,,,
,,,,,,,,,,,,,,,,,,,,,,,,
,,,,,,,,,,,,,,,,,,,,,,,,
,,,,,,,,,,,,,,,,,,,,,,,,
,,,,,,,,,,,,,,,,,,,,,,,,
,,,,,,,,,,,,,,,,,,,,,,,,
,,,,,,,,,,,,,,,,,,,,,,,,
,,,,,,,,,,,,,,,,,,,,,,,,
,,,,,,,,,,,,,,,,,,,,,,,,
,,,,,,,,,,,,,,,,,,,,,,,,
,,,,,,,,,,,,,,,,,,,,,,,,
,,,,,,,,,,,,,,,,,,,,,,,,
,,,,,,,,,,,,,,,,,,,,,,,,
,,,,,,,,,,,,,,,,,,,,,,,,
,,,,,,,,,,,,,,,,,,,,,,,,
,,,,,,,,,,,,,,,,,,,,,,,,
,,,,,,,,,,,,,,,,,,,,,,,,
,,,,,,,,,,,,,,,,,,,,,,,,
,,,,,,,,,,,,,,,,,,,,,,,,
,,,,,,,,,,,,,,,,,,,,,,,,
,,,,,,,,,,,,,,,,,,,,,,,,
,,,,,,,,,,,,,,,,,,,,,,,,
,,,,,,,,,,,,,,,,,,,,,,,,
,,,,,,,,,,,,,,,,,,,,,,,,
,,,,,,,,,,,,,,,,,,,,,,,,
,,,,,,,,,,,,,,,,,,,,,,,,
,,,,,,,,,,,,,,,,,,,,,,,,
,,,,,,,,,,,,,,,,,,,,,,,,
,,,,,,,,,,,,,,,,,,,,,,,,
,,,,,,,,,,,,,,,,,,,,,,,,
,,,,,,,,,,,,,,,,,,,,,,,,
,,,,,,,,,,,,,,,,,,,,,,,,
,,,,,,,,,,,,,,,,,,,,,,,,
,,,,,,,,,,,,,,,,,,,,,,,,
,,,,,,,,,,,,,,,,,,,,,,,,
,,,,,,,,,,,,,,,,,,,,,,,,
,,,,,,,,,,,,,,,,,,,,,,,,
,,,,,,,,,,,,,,,,,,,,,,,,
,,,,,,,,,,,,,,,,,,,,,,,,
,,,,,,,,,,,,,,,,,,,,,,,,
,,,,,,,,,,,,,,,,,,,,,,,,
